claim_id,policy_id,loss_date,report_date,close_date,claim_status,paid_amount,case_reserve
C000001,P000005,2024-11-01,2024-11-08,2025-02-07,Closed,31151.77,0.0
C000002,P000006,2025-01-09,2025-01-31,2025-03-29,Closed,11482.49,0.0
C000003,P000010,2023-09-11,2023-09-26,2024-01-17,Closed,18457.07,0.0
C000004,P000013,2025-01-17,2025-01-19,2025-04-02,Closed,29512.39,0.0
C000005,P000017,2024-08-28,2024-09-24,2024-10-16,Closed,121818.19,0.0
C000006,P000025,2025-06-04,2025-06-22,2025-12-19,Closed,7045.15,0.0
C000007,P000030,2023-12-28,2024-01-03,2024-05-13,Closed,50443.16,0.0
C000008,P000035,2025-04-19,2025-04-22,2025-06-25,Closed,8233.28,0.0
C000009,P000036,2023-05-06,2023-05-17,2023-07-06,Closed,42220.25,0.0
C000010,P000049,2025-02-08,2025-02-19,2025-04-14,Closed,15149.22,0.0
C000011,P000053,2024-04-27,2024-04-28,2024-08-15,Closed,13320.35,0.0
C000012,P000055,2024-09-28,2024-10-08,2025-08-10,Closed,44501.47,0.0
C000013,P000066,2024-07-21,2024-08-07,2024-11-10,Closed,16183.04,0.0
C000014,P000070,2024-09-22,2024-10-02,2024-11-04,Closed,33508.29,0.0
C000015,P000081,2025-09-24,2025-10-03,2025-11-30,Closed,28982.01,0.0
C000016,P000089,2025-05-06,2025-05-14,2025-09-09,Closed,39777.37,0.0
C000017,P000099,2024-11-23,2024-11-27,2025-01-31,Closed,82617.39,0.0
C000018,P000110,2024-10-19,2024-11-08,2024-12-22,Closed,12889.52,0.0
C000019,P000111,2023-11-21,2023-11-28,2024-03-04,Closed,25824.51,0.0
C000020,P000114,2024-04-12,2024-04-23,2024-06-20,Closed,18255.79,0.0
C000021,P000115,2024-08-13,2024-08-15,2024-12-15,Closed,16160.58,0.0
C000022,P000117,2023-11-17,2023-11-25,2024-03-28,Closed,3772.28,0.0
C000023,P000122,2024-09-12,2024-09-25,2025-02-19,Closed,20634.8,0.0
C000024,P000123,2024-11-19,2024-11-26,2025-05-07,Closed,36515.52,0.0
C000025,P000124,2024-05-09,2024-05-16,2024-07-18,Closed,24724.16,0.0
C000026,P000127,2023-10-06,2023-10-15,2024-04-10,Closed,45410.86,0.0
C000027,P000130,2025-01-31,2025-02-13,2025-05-09,Closed,72898.71,0.0
C000028,P000135,2024-12-31,2025-01-10,2025-02-05,Closed,54012.17,0.0
C000029,P000137,2024-08-07,2024-09-09,2025-02-23,Closed,7784.83,0.0
C000030,P000141,2025-03-01,2025-03-23,2025-11-07,Closed,34534.98,0.0
C000031,P000142,2023-12-05,2023-12-11,2024-03-14,Closed,53897.19,0.0
C000032,P000144,2024-04-09,2024-04-28,2024-10-29,Closed,9874.44,0.0
C000033,P000146,2024-11-11,2024-11-12,2025-02-18,Closed,32086.21,0.0
C000034,P000147,2024-01-14,2024-01-21,2024-04-04,Closed,30449.46,0.0
C000035,P000149,2025-07-01,2025-07-03,2025-10-10,Closed,30047.71,0.0
C000036,P000152,2023-11-08,2023-11-22,2024-03-06,Closed,153334.39,0.0
C000037,P000162,2025-04-08,2025-04-15,2025-08-11,Closed,13503.47,0.0
C000038,P000163,2024-02-02,2024-02-05,2024-05-03,Closed,88241.14,0.0
C000039,P000168,2023-10-01,2023-10-17,2024-03-28,Closed,36311.74,0.0
C000040,P000175,2024-07-09,2024-07-12,2024-12-01,Closed,33833.75,0.0
C000041,P000178,2023-12-07,2023-12-22,2024-02-14,Closed,6978.2,0.0
C000042,P000179,2025-04-12,2025-04-23,2025-07-09,Closed,12263.39,0.0
C000043,P000188,2024-01-11,2024-01-19,2024-06-25,Closed,32689.38,0.0
C000044,P000195,2025-03-16,2025-04-03,2025-07-09,Closed,68480.02,0.0
C000045,P000199,2024-08-11,2024-08-15,2024-10-20,Closed,34955.74,0.0
C000046,P000203,2024-09-03,2024-09-04,2024-12-08,Closed,40593.77,0.0
C000047,P000206,2023-09-07,2023-09-10,2023-10-18,Closed,55799.37,0.0
C000048,P000208,2025-01-26,2025-02-28,2025-09-28,Closed,21617.81,0.0
C000049,P000218,2023-04-06,2023-04-10,2023-07-27,Closed,43829.21,0.0
C000050,P000222,2024-02-27,2024-03-04,2024-05-16,Closed,34624.4,0.0
C000051,P000223,2025-02-21,2025-03-18,2025-04-24,Closed,4224.83,0.0
C000052,P000224,2023-06-19,2023-06-25,2024-03-22,Closed,17050.33,0.0
C000053,P000225,2024-09-08,2024-09-22,2024-10-26,Closed,139257.34,0.0
C000054,P000229,2024-02-19,2024-03-17,2024-07-29,Closed,16420.84,0.0
C000055,P000232,2025-05-12,2025-05-25,2025-08-21,Closed,42380.21,0.0
C000056,P000235,2024-10-18,2024-10-27,2025-01-30,Closed,13196.69,0.0
C000057,P000236,2024-12-19,2025-01-04,2025-04-16,Closed,25525.62,0.0
C000058,P000240,2025-02-26,2025-02-26,2025-05-12,Closed,4425.53,0.0
C000059,P000251,2024-01-18,2024-01-24,2024-05-09,Closed,39650.49,0.0
C000060,P000256,2024-01-19,2024-02-10,2024-06-05,Closed,41852.67,0.0
C000061,P000261,2024-11-24,2024-11-28,2025-04-29,Closed,78578.84,0.0
C000062,P000265,2025-11-03,2025-11-13,,Open,13455.28,61381.16
C000063,P000267,2024-07-10,2024-07-24,2024-09-17,Closed,9982.97,0.0
C000064,P000271,2023-09-04,2023-09-11,2023-11-12,Closed,36242.19,0.0
C000065,P000279,2023-03-19,2023-04-02,2023-09-28,Closed,4123.67,0.0
C000066,P000280,2024-01-23,2024-02-03,2024-04-24,Closed,19631.96,0.0
C000067,P000298,2024-02-25,2024-04-16,2024-08-23,Closed,18724.24,0.0
C000068,P000308,2024-07-28,2024-08-14,2025-03-02,Closed,152725.62,0.0
C000069,P000313,2023-12-30,2024-01-10,2024-04-29,Closed,16599.59,0.0
C000070,P000315,2024-04-03,2024-04-04,2024-05-27,Closed,20058.96,0.0
C000071,P000316,2024-05-05,2024-05-10,2024-07-03,Closed,24520.81,0.0
C000072,P000321,2024-04-03,2024-04-06,2024-07-03,Closed,32458.85,0.0
C000073,P000323,2025-02-20,2025-03-17,2025-06-13,Closed,19164.11,0.0
C000074,P000333,2023-12-20,2023-12-23,2024-02-09,Closed,7207.73,0.0
C000075,P000338,2024-03-05,2024-03-12,2024-05-11,Closed,26231.87,0.0
C000076,P000351,2024-04-30,2024-05-12,2024-10-02,Closed,19133.89,0.0
C000077,P000356,2025-09-14,2025-09-20,,Open,5137.4,4718.05
C000078,P000359,2023-04-20,2023-04-27,2023-07-18,Closed,26857.91,0.0
C000079,P000367,2024-06-15,2024-06-26,2024-07-04,Closed,52298.65,0.0
C000080,P000370,2024-12-14,2024-12-18,2025-05-04,Closed,33328.77,0.0
C000081,P000371,2024-04-23,2024-05-03,2024-06-02,Closed,58652.6,0.0
C000082,P000375,2025-04-06,2025-04-22,2025-06-01,Closed,6369.2,0.0
C000083,P000379,2024-09-27,2024-10-02,2025-01-03,Closed,49420.44,0.0
C000084,P000380,2024-07-03,2024-07-06,2025-01-28,Closed,59381.74,0.0
C000085,P000385,2023-05-07,2023-06-04,2023-11-07,Closed,27362.86,0.0
C000086,P000390,2023-05-05,2023-06-03,2023-10-28,Closed,12508.11,0.0
C000087,P000392,2023-11-06,2023-11-14,2024-02-16,Closed,11342.76,0.0
C000088,P000396,2025-05-03,2025-05-13,2025-06-27,Closed,51731.47,0.0
C000089,P000408,2024-01-15,2024-01-25,2024-08-01,Closed,22780.4,0.0
C000090,P000409,2025-05-23,2025-05-29,2025-07-14,Closed,20595.45,0.0
C000091,P000413,2024-02-22,2024-03-01,2024-07-06,Closed,27477.57,0.0
C000092,P000419,2023-08-13,2023-08-14,2023-12-06,Closed,15610.55,0.0
C000093,P000423,2025-04-17,2025-04-19,2025-05-31,Closed,275881.97,0.0
C000094,P000425,2024-02-29,2024-03-07,2024-04-06,Closed,36274.16,0.0
C000095,P000434,2023-08-24,2023-08-29,2024-01-23,Closed,15153.21,0.0
C000096,P000440,2024-03-20,2024-03-23,2024-07-05,Closed,38271.17,0.0
C000097,P000444,2024-01-18,2024-01-26,2024-08-01,Closed,33275.95,0.0
C000098,P000447,2024-02-14,2024-02-29,2024-07-02,Closed,11802.94,0.0
C000099,P000449,2024-06-03,2024-06-07,2024-09-30,Closed,6848.43,0.0
C000100,P000451,2025-02-25,2025-03-08,2025-03-30,Closed,38255.79,0.0
C000101,P000452,2025-02-03,2025-02-10,2025-06-03,Closed,74551.67,0.0
C000102,P000454,2023-01-31,2023-02-17,2023-05-26,Closed,9367.2,0.0
C000103,P000455,2025-01-29,2025-01-31,2025-06-05,Closed,11969.63,0.0
C000104,P000457,2023-08-04,2023-08-07,2023-11-13,Closed,8565.75,0.0
C000105,P000458,2025-02-20,2025-02-26,2025-06-02,Closed,23510.16,0.0
C000106,P000471,2025-04-23,2025-04-27,2025-07-29,Closed,41310.88,0.0
C000107,P000477,2025-02-23,2025-03-15,2025-05-22,Closed,4326.24,0.0
C000108,P000494,2025-01-04,2025-01-06,2025-06-01,Closed,47653.2,0.0
C000109,P000495,2023-10-16,2023-10-22,2024-11-08,Closed,6220.33,0.0
C000110,P000505,2023-09-23,2023-10-26,2023-12-09,Closed,86763.54,0.0
C000111,P000506,2024-10-21,2024-10-23,2024-12-18,Closed,31871.15,0.0
C000112,P000507,2024-09-14,2024-09-23,2025-02-15,Closed,167363.67,0.0
C000113,P000514,2025-04-27,2025-05-04,2025-07-29,Closed,28145.81,0.0
C000114,P000518,2024-01-21,2024-02-02,2024-04-18,Closed,29234.74,0.0
C000115,P000519,2023-12-19,2023-12-30,2024-01-29,Closed,56387.7,0.0
C000116,P000527,2025-01-06,2025-01-17,2025-03-16,Closed,92531.72,0.0
C000117,P000540,2024-01-02,2024-01-19,2024-03-11,Closed,5405.45,0.0
C000118,P000542,2023-03-28,2023-04-14,2023-05-15,Closed,26980.87,0.0
C000119,P000553,2025-02-06,2025-02-11,2025-08-04,Closed,38163.83,0.0
C000120,P000560,2024-09-21,2024-09-26,2025-01-14,Closed,15941.16,0.0
C000121,P000576,2024-01-26,2024-02-09,2025-02-06,Closed,5771.9,0.0
C000122,P000584,2023-04-10,2023-04-20,2023-08-15,Closed,9392.51,0.0
C000123,P000588,2023-06-15,2023-06-27,2023-08-13,Closed,4733.62,0.0
C000124,P000592,2025-08-13,2025-08-22,2025-12-23,Closed,14889.03,0.0
C000125,P000611,2024-12-09,2024-12-15,2025-05-03,Closed,10481.62,0.0
C000126,P000612,2024-09-26,2024-10-10,2024-12-21,Closed,8863.55,0.0
C000127,P000613,2025-06-17,2025-06-21,2025-11-04,Closed,16315.59,0.0
C000128,P000615,2024-11-28,2024-12-31,2025-05-14,Closed,90935.09,0.0
C000129,P000616,2024-10-24,2024-11-24,2025-01-24,Closed,24008.35,0.0
C000130,P000621,2024-03-13,2024-04-20,2024-09-18,Closed,30177.53,0.0
C000131,P000628,2024-05-26,2024-06-06,2024-10-04,Closed,41930.85,0.0
C000132,P000629,2024-10-24,2024-10-31,2025-02-12,Closed,29054.8,0.0
C000133,P000633,2024-09-23,2024-10-17,2025-02-04,Closed,4027.95,0.0
C000134,P000636,2024-07-25,2024-08-03,2024-09-18,Closed,33468.44,0.0
C000135,P000637,2024-02-26,2024-03-14,2024-10-16,Closed,22970.64,0.0
C000136,P000639,2024-09-21,2024-10-08,2025-01-01,Closed,36822.16,0.0
C000137,P000663,2023-07-23,2023-07-27,2023-10-15,Closed,22366.55,0.0
C000138,P000666,2024-06-23,2024-07-07,2024-11-10,Closed,9896.28,0.0
C000139,P000669,2025-05-20,2025-06-05,,Open,14132.36,14621.88
C000140,P000673,2025-02-13,2025-02-21,2025-07-26,Closed,62424.53,0.0
C000141,P000677,2024-12-22,2024-12-24,2025-03-20,Closed,52545.08,0.0
C000142,P000678,2023-11-18,2023-12-12,2024-04-15,Closed,10466.12,0.0
C000143,P000681,2025-01-08,2025-02-10,2025-06-15,Closed,41692.4,0.0
C000144,P000690,2025-03-09,2025-03-19,2025-06-30,Closed,52595.77,0.0
C000145,P000700,2023-04-16,2023-04-23,2023-06-10,Closed,33591.96,0.0
C000146,P000701,2024-10-06,2024-10-08,2025-03-14,Closed,16543.12,0.0
C000147,P000703,2024-01-06,2024-01-16,2024-04-02,Closed,19691.83,0.0
C000148,P000710,2024-01-28,2024-02-03,2024-04-07,Closed,10038.07,0.0
C000149,P000717,2024-08-30,2024-09-01,2024-11-22,Closed,52575.35,0.0
C000150,P000725,2024-12-14,2025-01-01,2025-07-01,Closed,28353.69,0.0
C000151,P000726,2023-09-28,2023-10-12,2023-12-27,Closed,12503.21,0.0
C000152,P000727,2025-04-03,2025-04-08,2025-07-14,Closed,18171.18,0.0
C000153,P000728,2023-07-01,2023-07-30,2024-05-11,Closed,31150.37,0.0
C000154,P000731,2025-05-16,2025-05-25,2025-08-12,Closed,7819.85,0.0
C000155,P000732,2024-04-02,2024-04-12,2024-07-16,Closed,39131.42,0.0
C000156,P000733,2025-05-09,2025-05-17,2025-08-27,Closed,10008.98,0.0
C000157,P000735,2023-06-12,2023-07-01,2023-09-17,Closed,22456.7,0.0
C000158,P000736,2024-06-17,2024-07-01,2024-10-03,Closed,42228.92,0.0
C000159,P000740,2025-01-27,2025-01-28,2025-05-18,Closed,48811.71,0.0
C000160,P000748,2024-08-09,2024-08-18,2024-11-02,Closed,24305.87,0.0
C000161,P000752,2023-07-21,2023-08-06,2023-09-03,Closed,23226.73,0.0
C000162,P000761,2023-09-30,2023-10-02,2023-11-09,Closed,12180.2,0.0
C000163,P000768,2024-10-22,2024-11-07,2025-02-15,Closed,10661.52,0.0
C000164,P000771,2024-08-14,2024-08-28,2025-04-18,Closed,23321.45,0.0
C000165,P000774,2025-03-30,2025-04-03,2025-06-27,Closed,15499.37,0.0
C000166,P000779,2023-08-29,2023-09-05,2024-01-02,Closed,41498.73,0.0
C000167,P000786,2024-04-22,2024-04-25,2024-10-31,Closed,62278.61,0.0
C000168,P000787,2023-01-28,2023-02-02,2023-06-17,Closed,30465.24,0.0
C000169,P000790,2023-02-23,2023-03-02,2023-06-12,Closed,35699.86,0.0
C000170,P000798,2024-07-08,2024-07-23,2024-10-26,Closed,25294.67,0.0
C000171,P000805,2024-07-25,2024-08-11,2024-10-17,Closed,31243.2,0.0
C000172,P000817,2023-09-12,2023-09-23,2024-02-25,Closed,29264.92,0.0
C000173,P000818,2023-10-23,2023-10-30,2024-04-30,Closed,14815.07,0.0
C000174,P000822,2024-07-24,2024-08-09,2024-08-14,Closed,11414.41,0.0
C000175,P000825,2024-04-13,2024-04-23,2024-09-26,Closed,52533.54,0.0
C000176,P000832,2023-08-23,2023-09-04,2024-01-22,Closed,79665.14,0.0
C000177,P000838,2023-07-16,2023-08-03,2023-10-24,Closed,71244.29,0.0
C000178,P000845,2023-07-15,2023-07-30,2023-10-05,Closed,18843.5,0.0
C000179,P000858,2024-01-16,2024-01-28,2024-06-06,Closed,48625.59,0.0
C000180,P000859,2024-10-08,2024-10-22,2024-11-29,Closed,10801.54,0.0
C000181,P000861,2025-07-26,2025-07-31,2025-10-22,Closed,143888.59,0.0
C000182,P000891,2023-07-02,2023-07-07,2023-11-03,Closed,27187.03,0.0
C000183,P000901,2023-02-06,2023-03-10,2023-09-29,Closed,74933.23,0.0
C000184,P000904,2024-12-25,2024-12-29,2025-09-03,Closed,8157.5,0.0
C000185,P000907,2024-04-19,2024-05-07,2024-06-27,Closed,6109.12,0.0
C000186,P000912,2024-03-22,2024-03-29,2024-07-31,Closed,19810.92,0.0
C000187,P000917,2024-05-01,2024-05-16,2024-08-26,Closed,24831.09,0.0
C000188,P000918,2025-07-20,2025-07-21,2025-12-12,Closed,3695.91,0.0
C000189,P000923,2024-07-12,2024-07-14,2024-10-15,Closed,37832.13,0.0
C000190,P000928,2023-12-15,2024-01-03,2024-05-31,Closed,39013.45,0.0
C000191,P000935,2024-07-04,2024-07-05,2024-10-30,Closed,32042.58,0.0
C000192,P000936,2025-07-29,2025-08-03,2025-10-13,Closed,61075.51,0.0
C000193,P000937,2024-01-01,2024-01-26,2024-06-24,Closed,27066.06,0.0
C000194,P000940,2024-11-17,2024-12-04,2025-03-08,Closed,24306.36,0.0
C000195,P000943,2025-06-27,2025-07-04,2025-10-18,Closed,25034.47,0.0
C000196,P000944,2023-12-22,2023-12-26,2024-02-21,Closed,75218.0,0.0
C000197,P000946,2023-08-13,2023-09-09,2023-12-05,Closed,17136.96,0.0
C000198,P000964,2024-05-04,2024-05-09,2024-11-26,Closed,33648.66,0.0
C000199,P000969,2025-01-16,2025-01-28,2025-04-11,Closed,12329.32,0.0
C000200,P000971,2024-02-05,2024-02-28,2024-11-02,Closed,30885.2,0.0
C000201,P000972,2024-05-02,2024-05-15,2024-09-01,Closed,28552.76,0.0
C000202,P000974,2024-07-03,2024-07-26,2024-11-24,Closed,23446.38,0.0
C000203,P000979,2024-07-27,2024-08-02,2024-10-06,Closed,8315.41,0.0
C000204,P000984,2024-11-01,2024-11-04,2025-04-08,Closed,65521.53,0.0
C000205,P000989,2023-06-29,2023-07-14,2023-08-19,Closed,44893.33,0.0
C000206,P000998,2023-12-18,2024-01-08,2024-04-05,Closed,50574.81,0.0
C000207,P001005,2023-11-20,2023-12-04,2024-02-07,Closed,26604.74,0.0
C000208,P001007,2025-06-24,2025-06-28,2025-08-08,Closed,74321.97,0.0
C000209,P001014,2024-04-10,2024-05-22,2024-10-13,Closed,89695.28,0.0
C000210,P001015,2024-10-08,2024-10-11,2025-01-10,Closed,8030.31,0.0
C000211,P001018,2024-03-23,2024-04-03,2024-07-18,Closed,17899.71,0.0
C000212,P001024,2024-10-10,2024-11-02,2025-01-08,Closed,20831.95,0.0
C000213,P001029,2025-01-28,2025-02-07,2025-07-19,Closed,5216.15,0.0
C000214,P001032,2023-11-28,2023-12-13,2024-04-08,Closed,29802.95,0.0
C000215,P001033,2025-03-13,2025-03-14,2025-10-22,Closed,18456.06,0.0
C000216,P001041,2025-05-14,2025-05-29,2025-08-06,Closed,15758.26,0.0
C000217,P001043,2024-01-05,2024-01-09,2024-03-18,Closed,6178.09,0.0
C000218,P001045,2025-04-14,2025-04-25,2025-09-08,Closed,100168.35,0.0
C000219,P001047,2023-11-04,2023-11-06,2024-06-27,Closed,15524.09,0.0
C000220,P001050,2023-11-12,2023-11-28,2024-02-12,Closed,49598.38,0.0
C000221,P001052,2024-02-12,2024-02-26,2024-03-16,Closed,17415.67,0.0
C000222,P001069,2023-11-12,2023-11-23,2024-01-08,Closed,42300.39,0.0
C000223,P001070,2023-11-24,2023-12-13,2024-07-01,Closed,29166.84,0.0
C000224,P001075,2024-04-11,2024-04-26,2024-07-21,Closed,23275.4,0.0
C000225,P001078,2023-05-11,2023-05-13,2024-01-30,Closed,7040.67,0.0
C000226,P001080,2024-10-26,2024-11-14,2025-01-04,Closed,55990.41,0.0
C000227,P001082,2025-12-08,2025-12-23,,Open,78751.34,42825.73
C000228,P001089,2025-02-14,2025-02-18,2025-07-07,Closed,47918.86,0.0
C000229,P001091,2024-09-01,2024-09-10,2024-10-18,Closed,32629.05,0.0
C000230,P001094,2024-07-24,2024-07-30,2024-09-07,Closed,27393.99,0.0
C000231,P001097,2025-04-25,2025-05-30,2025-08-26,Closed,6641.55,0.0
C000232,P001099,2023-12-29,2024-01-01,2024-05-24,Closed,3011.87,0.0
C000233,P001109,2024-12-23,2024-12-30,2025-05-06,Closed,78970.81,0.0
C000234,P001111,2024-04-29,2024-05-08,2024-08-09,Closed,41588.68,0.0
C000235,P001124,2024-03-06,2024-03-16,2024-06-15,Closed,12918.57,0.0
C000236,P001125,2025-08-23,2025-08-30,2025-09-22,Closed,262554.08,0.0
C000237,P001127,2025-04-15,2025-04-25,2025-06-23,Closed,37794.26,0.0
C000238,P001131,2024-10-10,2024-10-24,2024-11-26,Closed,17229.77,0.0
C000239,P001132,2024-09-27,2024-10-02,2025-02-04,Closed,35134.91,0.0
C000240,P001145,2024-05-02,2024-05-09,2024-06-24,Closed,107747.97,0.0
C000241,P001152,2024-07-07,2024-08-06,2025-02-21,Closed,53503.67,0.0
C000242,P001154,2025-09-11,2025-09-30,,Open,21487.32,19509.26
C000243,P001161,2024-10-23,2024-11-11,2025-01-08,Closed,19433.78,0.0
C000244,P001162,2024-06-08,2024-06-10,2024-12-09,Closed,21064.62,0.0
C000245,P001169,2025-03-28,2025-05-01,2025-06-13,Closed,9270.14,0.0
C000246,P001174,2023-09-01,2023-09-10,2023-10-23,Closed,16624.81,0.0
C000247,P001182,2024-12-05,2024-12-25,2025-02-19,Closed,61463.96,0.0
C000248,P001192,2023-09-16,2023-09-27,2024-03-27,Closed,7019.58,0.0
C000249,P001200,2024-09-29,2024-09-30,2025-06-20,Closed,39548.92,0.0
C000250,P001210,2024-12-15,2024-12-22,2025-01-24,Closed,24588.69,0.0
C000251,P001219,2025-02-01,2025-02-20,,Open,12235.99,7901.08
C000252,P001223,2024-12-17,2025-01-05,2025-06-01,Closed,44183.46,0.0
C000253,P001224,2024-06-20,2024-07-01,2024-09-17,Closed,17654.95,0.0
C000254,P001227,2023-11-27,2023-11-30,2024-04-17,Closed,55761.24,0.0
C000255,P001228,2024-12-29,2025-01-18,2025-07-21,Closed,93191.02,0.0
C000256,P001229,2023-08-23,2023-08-28,2023-10-25,Closed,147687.92,0.0
C000257,P001242,2024-09-28,2024-10-09,2025-04-12,Closed,47171.04,0.0
C000258,P001246,2025-01-08,2025-01-22,2025-05-04,Closed,47421.38,0.0
C000259,P001252,2024-01-11,2024-01-26,2024-02-28,Closed,26237.1,0.0
C000260,P001258,2024-03-21,2024-04-04,2024-08-28,Closed,63890.91,0.0
C000261,P001261,2023-08-12,2023-08-16,2024-03-30,Closed,47413.95,0.0
C000262,P001262,2025-07-06,2025-07-12,2025-11-19,Closed,16348.2,0.0
C000263,P001264,2024-10-07,2024-10-11,2024-11-30,Closed,41764.17,0.0
C000264,P001265,2024-05-31,2024-06-16,2024-10-26,Closed,57148.31,0.0
C000265,P001268,2024-03-25,2024-04-09,2024-08-06,Closed,8695.85,0.0
C000266,P001273,2025-04-08,2025-04-13,2025-08-29,Closed,53342.29,0.0
C000267,P001274,2025-03-22,2025-04-09,2025-05-10,Closed,27541.49,0.0
C000268,P001295,2025-09-04,2025-09-22,2025-10-26,Closed,26432.8,0.0
C000269,P001298,2024-10-09,2024-10-31,2025-01-11,Closed,16970.52,0.0
C000270,P001301,2025-06-28,2025-07-12,2025-12-24,Closed,33511.85,0.0
C000271,P001306,2024-11-14,2024-11-29,2025-04-29,Closed,20954.58,0.0
C000272,P001309,2024-07-14,2024-07-21,2025-01-13,Closed,40131.38,0.0
C000273,P001311,2025-01-05,2025-01-13,2025-06-02,Closed,42139.15,0.0
C000274,P001315,2025-07-10,2025-07-31,,Open,2640.48,13608.66
C000275,P001319,2024-06-26,2024-07-02,2024-10-29,Closed,29033.15,0.0
C000276,P001320,2024-05-28,2024-06-01,2024-09-02,Closed,52630.57,0.0
C000277,P001328,2023-10-27,2023-11-11,2024-04-07,Closed,42245.59,0.0
C000278,P001329,2025-04-28,2025-04-29,2025-06-14,Closed,43569.34,0.0
C000279,P001333,2024-07-19,2024-07-24,2024-09-17,Closed,44754.99,0.0
C000280,P001334,2024-11-29,2024-12-22,2025-02-03,Closed,25697.73,0.0
C000281,P001338,2023-08-13,2023-09-08,2023-12-31,Closed,65392.65,0.0
C000282,P001344,2024-12-05,2024-12-25,2025-02-10,Closed,11601.59,0.0
C000283,P001346,2025-06-25,2025-07-05,2025-07-22,Closed,18754.38,0.0
C000284,P001348,2024-10-24,2024-10-28,2024-12-05,Closed,16694.53,0.0
C000285,P001357,2024-08-15,2024-08-17,2025-04-02,Closed,55052.28,0.0
C000286,P001359,2023-05-12,2023-05-19,2023-09-10,Closed,19365.23,0.0
C000287,P001363,2023-09-27,2023-09-29,2024-03-28,Closed,9548.78,0.0
C000288,P001374,2024-07-29,2024-08-31,2024-10-04,Closed,18215.5,0.0
C000289,P001407,2024-08-13,2024-08-20,2025-01-03,Closed,13534.18,0.0
C000290,P001408,2025-07-29,2025-08-06,2025-09-19,Closed,19503.49,0.0
C000291,P001411,2023-12-28,2024-01-14,2024-05-27,Closed,54074.17,0.0
C000292,P001412,2024-12-25,2024-12-27,2025-01-10,Closed,31445.95,0.0
C000293,P001413,2024-03-08,2024-03-16,2024-09-08,Closed,9889.96,0.0
C000294,P001414,2025-07-03,2025-07-13,2025-12-06,Closed,13110.44,0.0
C000295,P001419,2025-01-22,2025-01-24,2025-05-11,Closed,6963.18,0.0
C000296,P001422,2025-09-24,2025-09-28,,Open,1360.77,743.24
C000297,P001423,2024-04-07,2024-04-13,2024-09-25,Closed,8852.68,0.0
C000298,P001425,2024-01-14,2024-02-03,2024-04-05,Closed,68347.05,0.0
C000299,P001426,2024-12-01,2024-12-27,2025-02-10,Closed,17663.53,0.0
C000300,P001429,2024-06-20,2024-07-04,2025-06-16,Closed,19683.41,0.0
C000301,P001431,2024-05-17,2024-05-26,2024-07-30,Closed,16319.18,0.0
C000302,P001448,2025-02-15,2025-03-10,2025-06-13,Closed,86293.75,0.0
C000303,P001453,2023-09-02,2023-09-20,2023-11-12,Closed,22126.01,0.0
C000304,P001456,2023-03-17,2023-04-25,2023-10-02,Closed,86911.83,0.0
C000305,P001461,2024-09-14,2024-09-15,2024-11-11,Closed,15106.65,0.0
C000306,P001479,2023-11-22,2023-12-02,2024-03-15,Closed,9835.41,0.0
C000307,P001480,2024-06-18,2024-06-24,2024-11-02,Closed,39665.99,0.0
C000308,P001482,2023-08-02,2023-08-04,2023-10-11,Closed,7292.65,0.0
C000309,P001485,2023-11-19,2023-11-29,2024-04-07,Closed,17426.94,0.0
C000310,P001490,2024-09-10,2024-10-17,2025-06-25,Closed,22222.1,0.0
C000311,P001491,2023-08-10,2023-08-13,2023-12-09,Closed,75952.78,0.0
C000312,P001498,2025-05-16,2025-07-04,2025-12-03,Closed,7897.13,0.0
C000313,P001499,2023-12-22,2024-01-09,2024-03-30,Closed,27459.95,0.0
C000314,P001500,2024-09-15,2024-10-09,2024-12-25,Closed,3443.99,0.0
C000315,P001504,2024-02-28,2024-03-23,2024-05-05,Closed,13222.61,0.0
C000316,P001505,2024-12-29,2025-01-12,2025-05-04,Closed,18924.42,0.0
C000317,P001513,2025-04-02,2025-04-09,2025-10-09,Closed,21542.47,0.0
C000318,P001516,2025-06-17,2025-06-19,2025-11-14,Closed,16636.16,0.0
C000319,P001521,2024-11-26,2024-11-29,2025-02-13,Closed,6178.86,0.0
C000320,P001523,2024-05-01,2024-05-16,2024-08-10,Closed,13133.69,0.0
C000321,P001525,2024-03-23,2024-03-30,2024-12-08,Closed,22529.78,0.0
C000322,P001533,2025-03-18,2025-03-22,2025-08-07,Closed,57966.76,0.0
C000323,P001534,2024-02-17,2024-02-29,2024-08-09,Closed,40287.19,0.0
C000324,P001537,2023-12-04,2023-12-17,2024-06-08,Closed,30547.55,0.0
C000325,P001542,2024-04-09,2024-04-26,2024-07-14,Closed,37508.01,0.0
C000326,P001546,2024-12-10,2024-12-15,2025-02-26,Closed,11443.13,0.0
C000327,P001547,2025-04-23,2025-05-02,2025-07-19,Closed,17114.25,0.0
C000328,P001553,2024-07-31,2024-08-05,2024-10-16,Closed,7396.56,0.0
C000329,P001559,2025-10-22,2025-10-25,,Open,9679.36,4324.2
C000330,P001569,2024-12-20,2025-01-10,2025-04-12,Closed,45043.55,0.0
C000331,P001573,2024-08-21,2024-09-10,2025-04-04,Closed,9539.74,0.0
C000332,P001577,2024-02-23,2024-02-25,2024-05-29,Closed,59468.74,0.0
C000333,P001594,2023-03-29,2023-04-08,2023-07-15,Closed,14746.12,0.0
C000334,P001602,2024-08-02,2024-08-25,2024-09-20,Closed,12095.6,0.0
C000335,P001605,2024-01-26,2024-02-13,2024-04-28,Closed,92790.87,0.0
C000336,P001606,2025-04-09,2025-04-13,2025-11-27,Closed,22945.64,0.0
C000337,P001607,2023-09-27,2023-10-22,2024-06-01,Closed,4186.22,0.0
C000338,P001611,2025-03-10,2025-04-02,2025-06-15,Closed,133358.67,0.0
C000339,P001622,2023-05-14,2023-05-27,2023-06-14,Closed,65562.66,0.0
C000340,P001632,2025-05-13,2025-05-21,2025-07-14,Closed,10470.54,0.0
C000341,P001642,2023-02-07,2023-02-11,2023-04-25,Closed,7676.04,0.0
C000342,P001644,2024-11-25,2024-12-05,2025-02-17,Closed,14071.99,0.0
C000343,P001645,2024-02-19,2024-03-18,2024-05-31,Closed,5692.23,0.0
C000344,P001655,2023-05-09,2023-05-13,2023-08-26,Closed,12907.44,0.0
C000345,P001664,2024-03-09,2024-04-07,2024-05-27,Closed,29483.9,0.0
C000346,P001667,2024-08-20,2024-09-06,2024-12-11,Closed,81967.17,0.0
C000347,P001672,2024-09-26,2024-10-06,2025-02-06,Closed,41274.01,0.0
C000348,P001673,2024-04-17,2024-05-10,2024-07-26,Closed,8741.66,0.0
C000349,P001675,2025-04-03,2025-04-13,2025-07-30,Closed,39785.41,0.0
C000350,P001680,2024-10-22,2024-10-31,2025-07-07,Closed,16190.19,0.0
C000351,P001685,2024-04-16,2024-05-06,2024-10-04,Closed,8067.24,0.0
C000352,P001687,2024-07-22,2024-08-01,2024-12-18,Closed,17323.83,0.0
C000353,P001689,2025-02-26,2025-03-08,2025-05-28,Closed,48852.87,0.0
C000354,P001691,2025-04-15,2025-04-21,2025-07-01,Closed,11619.56,0.0
C000355,P001693,2024-06-29,2024-07-07,2024-10-14,Closed,45018.58,0.0
C000356,P001694,2024-10-01,2024-11-02,2025-03-19,Closed,19428.76,0.0
C000357,P001695,2023-05-12,2023-05-12,2023-09-07,Closed,11748.41,0.0
C000358,P001696,2025-04-22,2025-04-26,2025-08-15,Closed,5636.8,0.0
C000359,P001699,2024-03-06,2024-03-11,2024-08-24,Closed,8881.68,0.0
C000360,P001715,2024-12-06,2024-12-15,2025-04-27,Closed,8919.86,0.0
C000361,P001716,2024-11-30,2024-12-08,2025-05-17,Closed,52579.38,0.0
C000362,P001721,2023-06-30,2023-07-12,2023-09-07,Closed,54052.63,0.0
C000363,P001726,2025-06-04,2025-06-05,2025-07-20,Closed,35068.77,0.0
C000364,P001732,2024-10-26,2024-11-06,2025-07-01,Closed,21092.11,0.0
C000365,P001734,2024-12-01,2025-01-02,2025-01-19,Closed,33703.2,0.0
C000366,P001743,2024-07-16,2024-07-26,2024-09-13,Closed,34826.12,0.0
C000367,P001746,2025-10-04,2025-10-12,,Open,13802.12,12937.63
C000368,P001754,2024-03-21,2024-03-30,2024-10-21,Closed,36826.02,0.0
C000369,P001759,2024-03-24,2024-03-31,2024-05-14,Closed,100819.41,0.0
C000370,P001762,2023-12-18,2024-01-04,2024-01-31,Closed,14686.35,0.0
C000371,P001765,2025-01-14,2025-01-27,2025-03-27,Closed,11417.02,0.0
C000372,P001769,2023-05-08,2023-05-20,2023-08-03,Closed,11535.84,0.0
C000373,P001770,2023-12-21,2024-01-13,2024-04-30,Closed,7883.65,0.0
C000374,P001773,2024-08-28,2024-09-14,2025-02-02,Closed,27515.43,0.0
C000375,P001775,2024-11-29,2024-11-29,2025-05-17,Closed,30250.23,0.0
C000376,P001778,2023-05-23,2023-05-30,2023-07-06,Closed,18993.01,0.0
C000377,P001783,2023-11-10,2023-11-13,2023-11-29,Closed,15870.02,0.0
C000378,P001784,2025-09-11,2025-09-16,2025-12-30,Closed,37407.23,0.0
C000379,P001794,2024-03-16,2024-03-22,2024-05-04,Closed,20901.62,0.0
C000380,P001803,2024-10-22,2024-10-27,2025-01-05,Closed,48430.88,0.0
C000381,P001805,2024-01-12,2024-01-30,2024-04-23,Closed,131747.59,0.0
C000382,P001806,2023-10-11,2023-10-27,2024-01-08,Closed,37424.12,0.0
C000383,P001807,2023-05-08,2023-05-15,2023-06-08,Closed,24037.58,0.0
C000384,P001813,2024-05-28,2024-06-12,2024-10-02,Closed,80541.01,0.0
C000385,P001819,2023-12-29,2024-01-12,2024-10-24,Closed,16985.66,0.0
C000386,P001822,2025-05-16,2025-05-27,2025-08-31,Closed,34310.12,0.0
C000387,P001823,2024-04-18,2024-04-27,2025-03-05,Closed,77668.56,0.0
C000388,P001827,2023-11-11,2023-11-30,2023-12-17,Closed,14602.04,0.0
C000389,P001832,2025-08-15,2025-08-25,2025-10-22,Closed,20731.72,0.0
C000390,P001834,2023-06-03,2023-06-15,2024-03-01,Closed,13211.87,0.0
C000391,P001838,2023-09-22,2023-10-03,2023-11-29,Closed,30007.16,0.0
C000392,P001840,2024-09-24,2024-09-30,2025-01-25,Closed,10593.63,0.0
C000393,P001842,2024-02-19,2024-02-25,2024-06-02,Closed,10769.12,0.0
C000394,P001845,2024-08-14,2024-08-22,2024-11-12,Closed,23893.06,0.0
C000395,P001846,2024-04-20,2024-05-08,2024-10-25,Closed,31579.22,0.0
C000396,P001847,2024-07-05,2024-07-14,2024-10-22,Closed,18556.73,0.0
C000397,P001853,2024-04-30,2024-05-01,2024-10-01,Closed,8862.35,0.0
C000398,P001854,2024-03-22,2024-04-04,2024-12-24,Closed,29586.97,0.0
C000399,P001855,2023-09-07,2023-09-13,2024-03-04,Closed,41459.44,0.0
C000400,P001856,2025-03-22,2025-03-27,2025-05-14,Closed,123667.29,0.0
C000401,P001858,2024-03-24,2024-04-09,2025-03-25,Closed,30740.52,0.0
C000402,P001859,2024-12-30,2025-01-15,2025-06-02,Closed,14536.7,0.0
C000403,P001860,2024-10-18,2024-10-29,2025-01-24,Closed,4375.76,0.0
C000404,P001862,2024-01-11,2024-01-19,2024-03-01,Closed,13132.69,0.0
C000405,P001872,2024-01-15,2024-01-22,2024-05-05,Closed,35315.64,0.0
C000406,P001882,2024-05-21,2024-05-24,2024-07-24,Closed,14675.93,0.0
C000407,P001883,2024-02-24,2024-02-24,2024-03-30,Closed,21873.54,0.0
C000408,P001885,2025-01-02,2025-01-09,2025-02-23,Closed,16202.01,0.0
C000409,P001889,2023-03-24,2023-03-31,2023-05-01,Closed,37739.41,0.0
C000410,P001890,2023-12-27,2023-12-31,2024-01-21,Closed,45131.91,0.0
C000411,P001894,2025-04-01,2025-04-24,2025-07-12,Closed,20707.61,0.0
C000412,P001912,2025-09-08,2025-09-14,2025-12-15,Closed,39396.69,0.0
C000413,P001914,2025-03-05,2025-03-16,2025-07-21,Closed,15027.28,0.0
C000414,P001924,2024-10-11,2024-10-24,2025-10-13,Closed,84873.51,0.0
C000415,P001932,2024-04-11,2024-04-25,2024-09-08,Closed,10021.1,0.0
C000416,P001937,2024-02-04,2024-02-10,2024-04-21,Closed,1803.21,0.0
C000417,P001938,2024-04-11,2024-04-19,2024-07-05,Closed,15050.88,0.0
C000418,P001940,2024-03-16,2024-03-26,2024-07-17,Closed,30932.35,0.0
C000419,P001950,2024-04-23,2024-04-29,2024-06-15,Closed,4950.77,0.0
C000420,P001956,2024-01-09,2024-01-31,2024-06-28,Closed,11890.87,0.0
C000421,P001957,2025-01-19,2025-03-01,2025-05-21,Closed,4482.44,0.0
C000422,P001968,2023-12-20,2024-01-01,2024-06-13,Closed,45180.02,0.0
C000423,P001970,2024-01-28,2024-02-09,2024-05-25,Closed,81933.42,0.0
C000424,P001973,2024-07-26,2024-08-16,2024-11-11,Closed,15697.44,0.0
C000425,P001976,2023-11-19,2023-12-07,2024-06-15,Closed,4267.77,0.0
C000426,P001981,2024-10-18,2024-10-28,2024-12-01,Closed,22306.25,0.0
C000427,P001992,2024-02-09,2024-03-10,2024-07-12,Closed,35152.85,0.0
C000428,P001994,2024-05-02,2024-05-08,2024-12-31,Closed,20081.22,0.0
C000429,P001995,2025-02-15,2025-03-04,2025-06-21,Closed,7912.91,0.0
C000430,P002002,2023-04-14,2023-04-22,2023-07-27,Closed,21629.0,0.0
C000431,P002003,2024-03-30,2024-04-13,2024-09-26,Closed,47748.4,0.0
C000432,P002004,2024-11-11,2024-11-18,2025-01-27,Closed,12582.58,0.0
C000433,P002006,2024-02-22,2024-03-22,2024-06-13,Closed,7170.72,0.0
C000434,P002016,2024-02-17,2024-03-09,2024-04-21,Closed,12150.09,0.0
C000435,P002025,2023-11-17,2023-11-30,2024-02-06,Closed,61379.69,0.0
C000436,P002027,2025-01-18,2025-02-05,2025-06-28,Closed,40935.43,0.0
C000437,P002029,2024-08-27,2024-08-31,2024-11-24,Closed,40720.43,0.0
C000438,P002031,2024-04-25,2024-04-27,2024-06-20,Closed,35999.39,0.0
C000439,P002042,2025-08-05,2025-08-11,,Open,21336.73,89040.53
C000440,P002043,2024-07-30,2024-08-28,2025-02-25,Closed,12451.25,0.0
C000441,P002044,2025-01-07,2025-01-14,2025-12-01,Closed,58875.59,0.0
C000442,P002046,2025-10-05,2025-10-24,2025-12-22,Closed,37762.91,0.0
C000443,P002047,2024-06-22,2024-06-30,2024-12-27,Closed,13971.51,0.0
C000444,P002052,2023-12-14,2023-12-23,2024-05-12,Closed,18906.81,0.0
C000445,P002054,2025-04-22,2025-04-29,2025-08-20,Closed,22293.7,0.0
C000446,P002060,2024-04-06,2024-04-13,2024-12-15,Closed,9044.93,0.0
C000447,P002061,2025-07-12,2025-07-30,2025-11-30,Closed,41783.62,0.0
C000448,P002062,2025-02-11,2025-02-18,2025-04-22,Closed,48499.71,0.0
C000449,P002063,2024-01-29,2024-02-05,2024-04-25,Closed,5131.94,0.0
C000450,P002066,2024-05-01,2024-05-11,2024-06-12,Closed,27128.64,0.0
C000451,P002067,2024-07-23,2024-07-31,2024-12-16,Closed,36833.94,0.0
C000452,P002071,2023-11-07,2023-11-12,2024-07-13,Closed,11262.27,0.0
C000453,P002073,2024-08-29,2024-09-14,2025-01-16,Closed,80941.47,0.0
C000454,P002077,2024-07-23,2024-08-04,2024-11-25,Closed,19364.22,0.0
C000455,P002081,2024-12-21,2024-12-27,2025-06-09,Closed,18207.85,0.0
C000456,P002083,2023-09-27,2023-10-02,2024-02-28,Closed,15137.16,0.0
C000457,P002091,2025-01-09,2025-01-30,2025-08-17,Closed,44926.17,0.0
C000458,P002092,2024-05-14,2024-05-17,2024-08-24,Closed,28523.65,0.0
C000459,P002095,2023-12-29,2024-01-13,2024-05-23,Closed,64653.9,0.0
C000460,P002097,2025-04-30,2025-05-01,2025-08-05,Closed,32873.2,0.0
C000461,P002106,2023-11-18,2023-11-29,2024-01-10,Closed,46046.95,0.0
C000462,P002108,2023-06-14,2023-06-25,2023-08-13,Closed,28663.75,0.0
C000463,P002111,2024-07-13,2024-07-15,2024-09-18,Closed,10634.94,0.0
C000464,P002115,2024-11-29,2024-12-02,2025-01-12,Closed,37801.68,0.0
C000465,P002127,2024-05-19,2024-05-30,2024-09-18,Closed,19926.07,0.0
C000466,P002128,2024-09-16,2024-09-19,2025-03-08,Closed,25469.05,0.0
C000467,P002139,2024-08-23,2024-09-16,2024-11-26,Closed,2621.81,0.0
C000468,P002142,2025-05-21,2025-05-27,2025-06-24,Closed,10710.54,0.0
C000469,P002143,2025-04-11,2025-05-08,2025-07-08,Closed,21638.4,0.0
C000470,P002147,2024-04-15,2024-05-08,2024-08-01,Closed,33204.32,0.0
C000471,P002156,2024-06-07,2024-06-16,2024-11-26,Closed,24216.77,0.0
C000472,P002157,2024-08-25,2024-09-05,2024-12-19,Closed,37371.95,0.0
C000473,P002159,2025-07-16,2025-08-05,2025-11-18,Closed,12194.27,0.0
C000474,P002161,2024-12-30,2025-01-03,2025-05-17,Closed,11412.99,0.0
C000475,P002170,2025-03-10,2025-03-17,2025-09-11,Closed,45422.03,0.0
C000476,P002171,2024-01-04,2024-01-31,2024-09-25,Closed,85798.78,0.0
C000477,P002175,2024-04-01,2024-04-20,2024-06-30,Closed,21158.89,0.0
C000478,P002192,2024-08-10,2024-08-18,2024-11-25,Closed,20963.35,0.0
C000479,P002209,2024-05-31,2024-06-12,2024-08-22,Closed,25831.69,0.0
C000480,P002211,2024-06-04,2024-06-09,2024-10-17,Closed,29285.07,0.0
C000481,P002219,2024-07-07,2024-07-15,2024-08-11,Closed,15180.19,0.0
C000482,P002236,2024-09-11,2024-09-26,2025-06-28,Closed,50560.85,0.0
C000483,P002239,2024-02-05,2024-02-13,2024-07-01,Closed,99081.91,0.0
C000484,P002240,2024-12-25,2025-01-10,2025-05-16,Closed,34804.8,0.0
C000485,P002254,2024-02-11,2024-02-14,2024-04-16,Closed,39267.6,0.0
C000486,P002257,2024-09-03,2024-09-18,2024-12-05,Closed,37799.23,0.0
C000487,P002262,2025-02-13,2025-02-17,2025-03-30,Closed,80922.57,0.0
C000488,P002264,2024-07-08,2024-07-17,2024-09-15,Closed,33590.27,0.0
C000489,P002286,2025-01-12,2025-01-17,2025-07-14,Closed,2492.42,0.0
C000490,P002287,2025-02-24,2025-03-11,2025-04-12,Closed,68707.46,0.0
C000491,P002288,2024-10-23,2024-10-26,2025-08-30,Closed,33515.83,0.0
C000492,P002291,2024-10-05,2024-10-22,2025-05-08,Closed,8855.19,0.0
C000493,P002306,2023-07-11,2023-07-21,2023-11-22,Closed,80443.01,0.0
C000494,P002307,2024-02-14,2024-02-22,2024-04-19,Closed,67278.18,0.0
C000495,P002309,2023-10-03,2023-10-09,2024-03-10,Closed,34426.87,0.0
C000496,P002317,2023-05-21,2023-05-28,2023-10-19,Closed,60164.16,0.0
C000497,P002321,2023-06-07,2023-06-30,2023-09-08,Closed,5876.86,0.0
C000498,P002323,2024-08-23,2024-08-29,2025-01-13,Closed,31306.58,0.0
C000499,P002325,2024-09-01,2024-09-24,2024-12-18,Closed,39242.75,0.0
C000500,P002327,2024-03-12,2024-04-09,2024-05-05,Closed,90342.45,0.0
C000501,P002333,2024-01-29,2024-02-06,2024-03-20,Closed,27330.46,0.0
C000502,P002336,2024-02-24,2024-02-26,2024-09-07,Closed,72676.6,0.0
C000503,P002337,2024-04-04,2024-04-23,2024-07-08,Closed,37104.13,0.0
C000504,P002339,2023-03-02,2023-03-21,2023-05-24,Closed,34218.14,0.0
C000505,P002342,2023-12-17,2024-01-09,2024-04-29,Closed,121667.29,0.0
C000506,P002355,2024-04-16,2024-04-25,2024-05-14,Closed,62581.88,0.0
C000507,P002360,2023-12-26,2024-01-07,2024-04-19,Closed,55408.6,0.0
C000508,P002370,2023-11-05,2023-11-12,2024-03-06,Closed,17180.79,0.0
C000509,P002371,2023-04-20,2023-04-27,2023-09-24,Closed,13702.74,0.0
C000510,P002389,2025-07-13,2025-07-25,2025-09-12,Closed,17360.03,0.0
C000511,P002392,2024-04-15,2024-05-05,2024-07-13,Closed,8814.4,0.0
C000512,P002397,2025-09-28,2025-10-15,,Open,7718.51,13761.38
C000513,P002398,2023-10-02,2023-10-12,2023-12-03,Closed,27356.28,0.0
C000514,P002402,2024-10-23,2024-11-13,2025-03-12,Closed,120959.25,0.0
C000515,P002416,2024-03-19,2024-03-22,2024-07-10,Closed,64289.46,0.0
C000516,P002423,2024-01-25,2024-03-09,2024-03-27,Closed,24318.02,0.0
C000517,P002432,2024-07-07,2024-07-10,2025-01-02,Closed,18442.89,0.0
C000518,P002434,2024-05-15,2024-05-24,2024-07-16,Closed,80160.95,0.0
C000519,P002441,2024-04-05,2024-04-17,2024-07-31,Closed,6294.38,0.0
C000520,P002447,2025-03-21,2025-04-02,,Open,6751.41,6224.61
C000521,P002449,2025-06-28,2025-07-18,2025-09-13,Closed,26303.84,0.0
C000522,P002453,2023-04-29,2023-05-04,2023-09-16,Closed,42857.63,0.0
C000523,P002459,2024-11-06,2024-11-19,2025-10-03,Closed,27988.01,0.0
C000524,P002461,2024-02-29,2024-03-16,2024-08-10,Closed,12282.36,0.0
C000525,P002464,2024-04-23,2024-05-15,2024-11-28,Closed,15620.47,0.0
C000526,P002465,2024-05-11,2024-05-19,2024-07-03,Closed,6879.7,0.0
C000527,P002475,2023-04-07,2023-04-18,2023-12-11,Closed,14674.03,0.0
C000528,P002480,2023-10-23,2023-11-02,2023-11-28,Closed,11065.08,0.0
C000529,P002487,2023-12-17,2024-01-02,2024-05-22,Closed,15792.08,0.0
C000530,P002490,2024-02-07,2024-02-23,2024-06-04,Closed,230497.79,0.0
C000531,P002491,2024-02-16,2024-02-24,2024-05-17,Closed,33794.18,0.0
C000532,P002492,2024-02-24,2024-03-05,2024-05-18,Closed,28888.83,0.0
C000533,P002494,2025-01-16,2025-01-26,2025-06-24,Closed,28208.38,0.0
C000534,P002498,2025-03-02,2025-03-06,2025-05-07,Closed,18223.65,0.0
C000535,P002518,2024-01-26,2024-02-08,2024-04-25,Closed,8545.04,0.0
C000536,P002525,2023-09-06,2023-09-19,2024-02-08,Closed,50828.24,0.0
C000537,P002533,2025-10-16,2025-10-20,,Open,82840.03,76207.65
C000538,P002541,2023-12-22,2024-01-05,2024-04-09,Closed,11283.64,0.0
C000539,P002552,2023-10-06,2023-11-23,2024-07-23,Closed,22288.01,0.0
C000540,P002557,2025-06-30,2025-07-05,2025-10-28,Closed,17856.85,0.0
C000541,P002562,2024-02-19,2024-02-23,2024-06-10,Closed,35996.94,0.0
C000542,P002566,2024-03-27,2024-04-12,2025-05-28,Closed,111624.15,0.0
C000543,P002567,2024-11-22,2024-11-30,2025-04-09,Closed,36736.94,0.0
C000544,P002571,2025-05-01,2025-05-21,,Open,24679.38,25578.2
C000545,P002577,2023-09-08,2023-09-17,2024-10-12,Closed,38171.4,0.0
C000546,P002581,2024-05-19,2024-05-25,2024-07-11,Closed,10252.87,0.0
C000547,P002591,2023-06-28,2023-07-07,2023-09-07,Closed,14828.17,0.0
C000548,P002599,2025-04-26,2025-05-12,2025-06-12,Closed,11274.68,0.0
C000549,P002601,2024-12-09,2024-12-24,2025-05-29,Closed,49835.36,0.0
C000550,P002606,2025-04-25,2025-04-28,2025-10-02,Closed,37796.7,0.0
C000551,P002607,2024-07-07,2024-07-23,2024-10-02,Closed,104314.37,0.0
C000552,P002618,2024-01-12,2024-01-23,2024-02-09,Closed,92390.28,0.0
C000553,P002640,2025-07-13,2025-07-24,2025-12-04,Closed,4278.98,0.0
C000554,P002642,2024-10-01,2024-10-14,2024-11-16,Closed,19818.66,0.0
C000555,P002647,2024-08-01,2024-08-05,2024-11-04,Closed,13076.48,0.0
C000556,P002649,2025-10-26,2025-10-29,,Open,69266.19,46464.19
C000557,P002650,2024-03-30,2024-04-02,2024-07-24,Closed,35946.85,0.0
C000558,P002652,2025-03-11,2025-03-30,2025-10-08,Closed,6668.91,0.0
C000559,P002661,2024-03-19,2024-04-07,2024-07-03,Closed,37032.24,0.0
C000560,P002664,2024-11-26,2024-11-27,2025-01-30,Closed,60225.75,0.0
C000561,P002667,2023-09-25,2023-10-05,2023-11-29,Closed,29091.61,0.0
C000562,P002673,2025-07-29,2025-08-05,,Open,3896.36,7523.32
C000563,P002685,2024-03-27,2024-03-31,2024-07-07,Closed,108942.91,0.0
C000564,P002696,2024-07-02,2024-07-24,2024-09-23,Closed,72981.59,0.0
C000565,P002698,2024-02-11,2024-03-07,2024-07-15,Closed,21612.56,0.0
C000566,P002701,2025-08-05,2025-08-17,2025-09-14,Closed,67361.37,0.0
C000567,P002706,2024-05-26,2024-06-01,2024-09-16,Closed,33928.03,0.0
C000568,P002707,2025-02-20,2025-02-27,2025-06-29,Closed,26445.69,0.0
C000569,P002725,2025-07-28,2025-08-01,2025-12-11,Closed,58316.21,0.0
C000570,P002732,2024-07-21,2024-07-28,2025-03-29,Closed,26495.25,0.0
C000571,P002745,2024-03-27,2024-04-01,2024-06-24,Closed,7107.1,0.0
C000572,P002746,2024-05-11,2024-06-04,2024-10-05,Closed,21277.97,0.0
C000573,P002753,2024-03-15,2024-03-17,2024-07-31,Closed,73889.38,0.0
C000574,P002755,2025-05-25,2025-06-12,2025-09-19,Closed,22018.98,0.0
C000575,P002756,2024-10-09,2024-10-14,2024-11-26,Closed,26433.23,0.0
C000576,P002760,2024-07-09,2024-07-25,2025-01-08,Closed,33809.02,0.0
C000577,P002766,2024-03-21,2024-03-30,2024-04-16,Closed,81585.0,0.0
C000578,P002767,2024-01-23,2024-02-10,2024-03-26,Closed,11092.09,0.0
C000579,P002769,2024-10-29,2024-11-01,2025-01-23,Closed,36962.55,0.0
C000580,P002771,2025-01-21,2025-01-27,2025-03-13,Closed,41327.64,0.0
C000581,P002781,2023-12-16,2023-12-24,2024-04-09,Closed,19183.09,0.0
C000582,P002784,2025-03-06,2025-03-16,2025-10-05,Closed,34514.88,0.0
C000583,P002786,2023-10-25,2023-11-04,2024-08-31,Closed,70335.83,0.0
C000584,P002787,2023-12-01,2023-12-05,2024-03-14,Closed,113293.66,0.0
C000585,P002788,2023-11-13,2023-11-16,2024-03-24,Closed,25624.6,0.0
C000586,P002795,2023-04-14,2023-04-22,2023-08-06,Closed,42947.45,0.0
C000587,P002799,2024-11-02,2024-11-11,2025-02-15,Closed,66815.09,0.0
C000588,P002806,2025-03-11,2025-03-19,2025-06-24,Closed,38448.89,0.0
C000589,P002808,2024-04-18,2024-04-20,2025-01-14,Closed,48203.63,0.0
C000590,P002809,2025-03-21,2025-03-31,2025-04-20,Closed,44634.3,0.0
C000591,P002810,2024-03-08,2024-03-22,2024-09-14,Closed,36487.87,0.0
C000592,P002811,2024-05-23,2024-06-04,2024-07-31,Closed,42609.11,0.0
C000593,P002826,2024-11-29,2024-12-08,2025-03-07,Closed,26676.45,0.0
C000594,P002830,2023-04-15,2023-04-26,2023-06-08,Closed,35244.46,0.0
C000595,P002832,2025-06-13,2025-06-18,2025-07-29,Closed,205576.59,0.0
C000596,P002837,2025-04-04,2025-04-26,2025-11-05,Closed,34463.64,0.0
C000597,P002839,2024-03-08,2024-03-15,2024-05-20,Closed,22875.53,0.0
C000598,P002842,2024-10-09,2024-10-23,2025-02-04,Closed,32145.51,0.0
C000599,P002845,2024-03-30,2024-04-07,2024-08-24,Closed,53279.58,0.0
C000600,P002847,2024-12-15,2025-01-02,2025-09-02,Closed,32266.68,0.0
C000601,P002848,2024-07-21,2024-07-27,2024-09-07,Closed,63315.9,0.0
C000602,P002855,2024-09-24,2024-10-13,2025-06-23,Closed,20472.54,0.0
C000603,P002856,2023-06-14,2023-07-08,2023-11-05,Closed,45048.92,0.0
C000604,P002862,2025-07-25,2025-07-30,2025-11-24,Closed,28817.59,0.0
C000605,P002865,2023-09-10,2023-09-27,2023-12-20,Closed,41076.66,0.0
C000606,P002870,2024-02-27,2024-03-25,2024-06-08,Closed,14425.57,0.0
C000607,P002872,2025-01-19,2025-01-31,2025-03-01,Closed,39109.7,0.0
C000608,P002873,2025-08-04,2025-08-25,,Open,4816.0,12825.49
C000609,P002880,2025-03-10,2025-04-03,2025-05-12,Closed,8670.11,0.0
C000610,P002883,2024-03-29,2024-04-17,2024-06-25,Closed,15388.82,0.0
C000611,P002885,2023-10-26,2023-10-31,2024-05-11,Closed,33941.21,0.0
C000612,P002895,2023-10-31,2023-11-14,2024-02-17,Closed,37329.5,0.0
C000613,P002901,2024-06-08,2024-06-23,2024-08-09,Closed,20631.39,0.0
C000614,P002902,2024-09-04,2024-09-05,2025-02-21,Closed,22122.01,0.0
C000615,P002904,2024-11-08,2024-11-17,2025-02-01,Closed,24951.35,0.0
C000616,P002907,2024-11-10,2024-11-21,2025-01-28,Closed,20242.83,0.0
C000617,P002915,2024-08-03,2024-08-17,2024-09-26,Closed,12796.69,0.0
C000618,P002927,2024-03-31,2024-04-04,2024-06-15,Closed,54052.33,0.0
C000619,P002933,2023-06-03,2023-06-11,2023-09-01,Closed,38402.1,0.0
C000620,P002937,2024-09-26,2024-10-08,2025-02-23,Closed,88428.21,0.0
C000621,P002943,2024-12-17,2024-12-24,2025-02-22,Closed,15502.05,0.0
C000622,P002948,2024-07-31,2024-08-01,2025-03-05,Closed,17649.53,0.0
C000623,P002952,2024-03-19,2024-04-11,2024-10-24,Closed,4558.87,0.0
C000624,P002953,2025-03-24,2025-04-27,2025-11-09,Closed,10625.68,0.0
C000625,P002961,2025-05-09,2025-05-22,2025-09-14,Closed,14917.81,0.0
C000626,P002963,2025-06-27,2025-07-10,2025-12-19,Closed,11579.25,0.0
C000627,P002969,2024-12-18,2024-12-28,2025-05-31,Closed,30981.36,0.0
C000628,P002973,2024-10-31,2024-11-03,2025-05-06,Closed,57933.63,0.0
C000629,P002975,2023-10-15,2023-10-17,2024-04-28,Closed,11323.82,0.0
C000630,P002976,2024-10-10,2024-10-31,2025-04-07,Closed,23879.3,0.0
C000631,P002977,2024-12-13,2025-01-13,2025-06-22,Closed,15557.48,0.0
C000632,P002978,2025-03-08,2025-03-22,2025-08-20,Closed,19313.15,0.0
C000633,P002983,2024-12-04,2024-12-11,2025-05-20,Closed,37447.45,0.0
C000634,P002986,2024-07-28,2024-08-05,2024-11-21,Closed,18097.86,0.0
C000635,P002988,2024-11-28,2024-12-13,2025-02-21,Closed,45319.73,0.0
C000636,P002991,2024-06-12,2024-07-03,2024-08-20,Closed,21409.25,0.0
C000637,P003006,2024-05-05,2024-05-15,2024-06-24,Closed,29857.49,0.0
C000638,P003007,2024-04-07,2024-04-15,2024-06-05,Closed,54378.0,0.0
C000639,P003008,2024-11-05,2024-11-09,2025-05-15,Closed,32842.32,0.0
C000640,P003014,2024-07-06,2024-07-12,2025-03-03,Closed,225093.21,0.0
C000641,P003025,2024-02-23,2024-03-08,2024-08-10,Closed,13324.95,0.0
C000642,P003037,2025-01-20,2025-02-01,2025-06-03,Closed,14661.65,0.0
C000643,P003045,2023-09-22,2023-10-03,2023-11-01,Closed,20131.97,0.0
C000644,P003055,2024-10-15,2024-10-19,2025-01-24,Closed,7338.84,0.0
C000645,P003064,2023-10-13,2023-10-21,2023-12-27,Closed,12002.29,0.0
C000646,P003066,2024-02-08,2024-02-25,2024-05-02,Closed,15861.63,0.0
C000647,P003071,2024-08-02,2024-08-28,2024-12-19,Closed,21051.12,0.0
C000648,P003089,2024-02-20,2024-03-08,2024-08-10,Closed,14003.73,0.0
C000649,P003091,2024-06-15,2024-07-06,2024-10-20,Closed,23851.86,0.0
C000650,P003093,2025-04-01,2025-04-02,,Open,29420.68,15304.78
C000651,P003098,2024-07-06,2024-07-29,2024-11-26,Closed,32720.52,0.0
C000652,P003099,2023-07-06,2023-07-20,2023-08-15,Closed,55646.34,0.0
C000653,P003104,2024-09-16,2024-09-28,2025-06-25,Closed,54478.08,0.0
C000654,P003121,2024-10-22,2024-11-03,2025-02-13,Closed,62690.91,0.0
C000655,P003123,2024-01-25,2024-02-23,2024-10-13,Closed,9494.13,0.0
C000656,P003133,2025-07-02,2025-07-09,2025-08-17,Closed,27800.33,0.0
C000657,P003134,2023-12-22,2024-01-03,2024-03-03,Closed,21438.12,0.0
C000658,P003139,2024-03-16,2024-03-25,2024-05-15,Closed,65191.57,0.0
C000659,P003144,2025-01-09,2025-01-13,2025-07-16,Closed,89902.29,0.0
C000660,P003153,2024-02-14,2024-02-16,2024-09-15,Closed,2117.68,0.0
C000661,P003154,2025-01-11,2025-01-15,2025-06-07,Closed,24182.62,0.0
C000662,P003155,2023-04-20,2023-04-25,2023-08-28,Closed,53271.48,0.0
C000663,P003156,2025-06-03,2025-06-12,2025-07-10,Closed,6901.05,0.0
C000664,P003158,2025-12-02,2025-12-23,,Open,861.99,3271.88
C000665,P003163,2023-07-07,2023-07-11,2023-09-20,Closed,18528.42,0.0
C000666,P003172,2024-11-16,2024-11-21,2024-12-25,Closed,27323.2,0.0
C000667,P003173,2024-02-03,2024-03-03,2024-06-10,Closed,9555.52,0.0
C000668,P003179,2023-09-22,2023-09-29,2024-02-21,Closed,37885.06,0.0
C000669,P003181,2023-10-29,2023-11-04,2024-04-25,Closed,43296.0,0.0
C000670,P003187,2025-07-03,2025-07-09,2025-12-07,Closed,23796.15,0.0
C000671,P003191,2023-12-20,2023-12-31,2024-03-27,Closed,30496.02,0.0
C000672,P003196,2024-01-08,2024-01-17,2024-03-31,Closed,39655.55,0.0
C000673,P003197,2023-09-01,2023-09-07,2023-12-06,Closed,30299.39,0.0
C000674,P003199,2025-03-02,2025-03-09,2025-06-14,Closed,45907.54,0.0
C000675,P003206,2024-06-07,2024-06-25,2024-08-13,Closed,15329.13,0.0
C000676,P003210,2024-04-04,2024-04-16,2024-07-02,Closed,18769.21,0.0
C000677,P003213,2023-11-26,2023-12-20,2024-02-26,Closed,16759.5,0.0
C000678,P003215,2025-01-07,2025-01-15,2025-09-24,Closed,28603.67,0.0
C000679,P003217,2023-08-11,2023-08-29,2024-02-27,Closed,6407.17,0.0
C000680,P003220,2024-05-07,2024-05-25,2024-10-16,Closed,38889.03,0.0
C000681,P003221,2025-04-29,2025-05-04,2025-06-28,Closed,10634.79,0.0
C000682,P003222,2023-08-29,2023-09-11,2024-02-20,Closed,26372.65,0.0
C000683,P003224,2025-01-05,2025-01-15,2025-03-19,Closed,23133.08,0.0
C000684,P003238,2025-03-30,2025-03-31,2025-09-10,Closed,58093.13,0.0
C000685,P003239,2024-12-11,2024-12-13,2025-03-12,Closed,32513.94,0.0
C000686,P003252,2025-06-08,2025-06-19,,Open,5787.23,26059.02
C000687,P003254,2024-05-06,2024-05-08,2024-06-15,Closed,20107.48,0.0
C000688,P003260,2023-12-24,2023-12-25,2024-05-31,Closed,15238.93,0.0
C000689,P003262,2024-01-24,2024-02-03,2024-08-31,Closed,33519.01,0.0
C000690,P003271,2023-08-22,2023-08-22,2023-11-22,Closed,71479.34,0.0
C000691,P003284,2024-01-11,2024-01-15,2024-04-12,Closed,14501.41,0.0
C000692,P003285,2023-12-22,2024-01-01,2024-04-15,Closed,13710.87,0.0
C000693,P003287,2024-01-01,2024-01-10,2024-06-01,Closed,13489.35,0.0
C000694,P003289,2023-06-14,2023-06-23,2023-09-03,Closed,55504.39,0.0
C000695,P003290,2023-09-15,2023-09-30,2023-12-04,Closed,23725.93,0.0
C000696,P003295,2023-11-27,2023-12-17,2024-09-15,Closed,13518.31,0.0
C000697,P003296,2024-09-20,2024-10-11,2025-01-04,Closed,16022.0,0.0
C000698,P003298,2025-03-17,2025-04-17,2025-07-27,Closed,21721.34,0.0
C000699,P003300,2024-11-13,2024-11-14,2025-02-01,Closed,12091.02,0.0
C000700,P003304,2023-08-05,2023-08-10,2024-01-07,Closed,39211.88,0.0
C000701,P003305,2023-03-28,2023-03-31,2023-06-07,Closed,29479.59,0.0
C000702,P003313,2024-12-31,2025-01-31,2025-05-07,Closed,12568.61,0.0
C000703,P003320,2023-10-26,2023-11-05,2024-05-11,Closed,6793.7,0.0
C000704,P003321,2023-03-17,2023-03-26,2023-09-16,Closed,69379.92,0.0
C000705,P003323,2025-01-28,2025-02-04,2025-04-29,Closed,240245.89,0.0
C000706,P003327,2023-05-06,2023-05-12,2023-08-27,Closed,52887.04,0.0
C000707,P003343,2023-05-31,2023-06-06,2023-08-02,Closed,24667.44,0.0
C000708,P003344,2024-05-31,2024-06-07,2024-09-21,Closed,56592.41,0.0
C000709,P003345,2024-05-31,2024-06-06,2025-04-05,Closed,23970.03,0.0
C000710,P003346,2025-04-05,2025-05-01,2025-10-15,Closed,25771.99,0.0
C000711,P003349,2023-08-30,2023-10-07,2023-12-03,Closed,8505.79,0.0
C000712,P003355,2024-12-17,2025-01-23,2025-02-26,Closed,26261.84,0.0
C000713,P003358,2024-11-22,2024-11-23,2025-01-20,Closed,12470.48,0.0
C000714,P003361,2025-04-09,2025-04-15,2025-05-29,Closed,49871.49,0.0
C000715,P003363,2023-05-15,2023-05-16,2023-08-20,Closed,67812.29,0.0
C000716,P003364,2025-03-15,2025-04-22,2025-11-05,Closed,17147.28,0.0
C000717,P003371,2025-04-28,2025-05-11,2025-08-16,Closed,21190.29,0.0
C000718,P003382,2025-04-25,2025-05-12,2025-07-20,Closed,15375.91,0.0
C000719,P003383,2025-03-04,2025-03-13,2025-06-06,Closed,114816.22,0.0
C000720,P003384,2025-07-02,2025-07-11,2025-11-29,Closed,9544.12,0.0
C000721,P003386,2023-08-05,2023-08-28,2023-12-22,Closed,55249.64,0.0
C000722,P003405,2024-10-08,2024-10-18,2024-12-16,Closed,13780.22,0.0
C000723,P003406,2024-09-08,2024-09-18,2025-03-04,Closed,73132.72,0.0
C000724,P003415,2024-06-20,2024-07-06,2024-08-26,Closed,79276.09,0.0
C000725,P003419,2023-06-06,2023-06-21,2023-10-10,Closed,36941.81,0.0
C000726,P003421,2024-01-13,2024-01-23,2024-04-10,Closed,42108.02,0.0
C000727,P003427,2024-12-07,2024-12-14,2025-03-16,Closed,12173.16,0.0
C000728,P003432,2024-07-29,2024-08-04,2024-09-26,Closed,12277.33,0.0
C000729,P003434,2023-09-03,2023-09-24,2024-01-09,Closed,19937.52,0.0
C000730,P003435,2023-07-26,2023-08-06,2023-09-24,Closed,18272.88,0.0
C000731,P003437,2023-11-18,2023-11-23,2024-02-05,Closed,132704.12,0.0
C000732,P003438,2025-04-15,2025-05-04,2025-08-01,Closed,41960.79,0.0
C000733,P003443,2024-01-28,2024-02-07,2024-04-07,Closed,42073.37,0.0
C000734,P003446,2024-12-28,2024-12-29,2025-08-03,Closed,51074.97,0.0
C000735,P003449,2024-11-09,2024-11-14,2025-01-27,Closed,28976.92,0.0
C000736,P003453,2024-09-13,2024-09-23,2024-12-17,Closed,145980.95,0.0
C000737,P003455,2025-05-02,2025-05-04,2025-08-17,Closed,16992.4,0.0
C000738,P003461,2024-10-24,2024-11-05,2024-12-15,Closed,17764.02,0.0
C000739,P003464,2023-10-06,2023-10-20,2023-11-18,Closed,33213.67,0.0
C000740,P003474,2025-08-12,2025-09-01,2025-11-29,Closed,13799.34,0.0
C000741,P003489,2024-03-15,2024-03-26,2024-04-28,Closed,14862.1,0.0
C000742,P003490,2024-10-28,2024-11-02,2025-03-08,Closed,53028.68,0.0
C000743,P003495,2025-08-04,2025-08-05,2025-12-13,Closed,22075.52,0.0
C000744,P003496,2024-12-08,2024-12-09,2025-04-14,Closed,58172.97,0.0
C000745,P003498,2023-12-15,2023-12-23,2024-05-31,Closed,8462.37,0.0
C000746,P003502,2024-09-17,2024-09-25,2024-12-22,Closed,24064.19,0.0
C000747,P003509,2023-12-01,2023-12-03,2024-07-11,Closed,8328.63,0.0
C000748,P003512,2024-04-08,2024-04-20,2024-08-17,Closed,33704.49,0.0
C000749,P003517,2023-09-09,2023-09-16,2024-04-14,Closed,85587.26,0.0
C000750,P003519,2024-11-25,2024-11-29,2025-05-04,Closed,143265.15,0.0
C000751,P003524,2023-06-03,2023-06-06,2023-09-04,Closed,20633.75,0.0
C000752,P003533,2024-01-14,2024-02-10,2024-06-07,Closed,15495.78,0.0
C000753,P003540,2025-01-07,2025-01-08,2025-05-29,Closed,15803.11,0.0
C000754,P003546,2025-01-16,2025-02-17,2025-03-16,Closed,17205.83,0.0
C000755,P003547,2024-03-30,2024-04-03,2024-05-13,Closed,8910.1,0.0
C000756,P003548,2025-02-28,2025-04-03,2025-12-04,Closed,17105.62,0.0
C000757,P003550,2025-03-29,2025-03-30,2025-08-17,Closed,5144.87,0.0
C000758,P003562,2024-03-11,2024-03-24,2024-09-25,Closed,26711.93,0.0
C000759,P003573,2024-11-22,2024-12-15,2025-03-13,Closed,36116.77,0.0
C000760,P003575,2025-05-14,2025-06-07,,Open,2990.91,4839.16
C000761,P003576,2025-02-23,2025-03-08,2025-06-07,Closed,18203.47,0.0
C000762,P003584,2024-04-18,2024-04-30,2024-09-16,Closed,19070.93,0.0
C000763,P003585,2025-06-25,2025-06-27,,Open,10175.24,7528.19
C000764,P003594,2024-06-20,2024-07-09,2024-12-06,Closed,99914.71,0.0
C000765,P003596,2023-09-10,2023-10-02,2023-11-23,Closed,49265.02,0.0
C000766,P003598,2024-04-20,2024-04-30,2024-08-03,Closed,56606.72,0.0
C000767,P003600,2024-10-07,2024-10-18,2025-02-16,Closed,50860.64,0.0
C000768,P003607,2023-12-20,2024-02-09,2024-07-03,Closed,7052.53,0.0
C000769,P003608,2025-03-12,2025-03-14,2025-09-29,Closed,98724.23,0.0
C000770,P003612,2025-03-28,2025-04-10,2025-09-02,Closed,17809.5,0.0
C000771,P003616,2024-01-30,2024-02-18,2024-05-26,Closed,126917.53,0.0
C000772,P003620,2024-02-29,2024-03-01,2024-05-25,Closed,45017.23,0.0
C000773,P003626,2025-02-11,2025-02-12,2025-05-11,Closed,28336.0,0.0
C000774,P003639,2023-06-06,2023-06-11,2023-08-25,Closed,23344.61,0.0
C000775,P003640,2024-06-09,2024-06-14,2024-08-26,Closed,12371.81,0.0
C000776,P003642,2025-01-07,2025-01-11,2025-07-12,Closed,43292.26,0.0
C000777,P003643,2025-04-29,2025-05-04,2025-08-23,Closed,45993.99,0.0
C000778,P003644,2024-01-20,2024-01-26,2024-04-11,Closed,7087.84,0.0
C000779,P003645,2025-01-17,2025-01-27,2025-05-10,Closed,43509.7,0.0
C000780,P003647,2025-01-13,2025-01-17,2025-04-06,Closed,14416.61,0.0
C000781,P003650,2024-12-17,2024-12-25,2025-01-24,Closed,77074.94,0.0
C000782,P003651,2023-10-07,2023-10-16,2024-03-11,Closed,18289.17,0.0
C000783,P003657,2024-05-08,2024-05-15,2024-11-20,Closed,78566.77,0.0
C000784,P003658,2025-05-24,2025-06-06,2025-11-23,Closed,23711.86,0.0
C000785,P003660,2024-04-30,2024-05-26,2024-11-06,Closed,64962.3,0.0
C000786,P003662,2023-12-24,2023-12-26,2024-02-13,Closed,14563.0,0.0
C000787,P003667,2024-09-28,2024-10-02,2025-05-03,Closed,11289.15,0.0
C000788,P003670,2023-07-07,2023-07-24,2023-10-02,Closed,30071.7,0.0
C000789,P003677,2024-06-02,2024-06-14,2024-07-28,Closed,30062.17,0.0
C000790,P003679,2024-12-27,2025-01-14,2025-02-02,Closed,60634.94,0.0
C000791,P003681,2025-01-30,2025-02-15,2025-06-15,Closed,22796.54,0.0
C000792,P003684,2024-09-18,2024-09-23,2025-04-27,Closed,51914.71,0.0
C000793,P003692,2025-03-19,2025-04-15,2025-10-31,Closed,114077.86,0.0
C000794,P003698,2024-01-16,2024-02-12,2024-05-27,Closed,55087.67,0.0
C000795,P003699,2024-05-08,2024-05-12,2024-11-07,Closed,30333.02,0.0
C000796,P003702,2023-09-01,2023-09-25,2024-07-29,Closed,24940.92,0.0
C000797,P003708,2024-07-05,2024-07-31,2024-10-21,Closed,22727.5,0.0
C000798,P003713,2024-11-07,2024-12-10,2025-04-25,Closed,28002.37,0.0
C000799,P003716,2024-01-28,2024-02-13,2024-09-18,Closed,50749.88,0.0
C000800,P003719,2024-06-05,2024-06-12,2024-07-27,Closed,48791.63,0.0
C000801,P003723,2024-10-11,2024-10-16,2024-12-03,Closed,38414.57,0.0
C000802,P003729,2023-09-24,2023-10-01,2024-05-26,Closed,18920.72,0.0
C000803,P003736,2023-08-25,2023-08-28,2024-02-26,Closed,50659.48,0.0
C000804,P003742,2024-04-28,2024-05-11,2024-07-16,Closed,18558.15,0.0
C000805,P003750,2024-12-17,2024-12-25,2025-02-16,Closed,34380.98,0.0
C000806,P003751,2024-06-04,2024-06-06,2024-07-25,Closed,104215.14,0.0
C000807,P003758,2024-03-24,2024-03-29,2024-07-24,Closed,26874.15,0.0
C000808,P003760,2024-07-03,2024-07-26,2024-10-01,Closed,36093.06,0.0
C000809,P003768,2025-04-03,2025-04-17,2025-06-24,Closed,34686.34,0.0
C000810,P003769,2025-02-24,2025-03-01,2025-04-19,Closed,38159.12,0.0
C000811,P003770,2023-11-13,2023-12-15,2024-04-01,Closed,25196.64,0.0
C000812,P003789,2025-04-08,2025-04-20,2025-06-04,Closed,79180.31,0.0
C000813,P003811,2024-02-16,2024-02-19,2024-07-16,Closed,14329.65,0.0
C000814,P003814,2024-05-12,2024-05-19,2024-12-07,Closed,24747.82,0.0
C000815,P003815,2024-03-22,2024-03-24,2024-07-23,Closed,39876.29,0.0
C000816,P003817,2024-10-06,2024-11-02,2025-05-02,Closed,15880.64,0.0
C000817,P003819,2025-01-25,2025-02-12,2025-05-18,Closed,79265.66,0.0
C000818,P003820,2025-01-10,2025-01-15,2025-03-17,Closed,11973.28,0.0
C000819,P003829,2025-01-24,2025-01-25,2025-04-18,Closed,33398.04,0.0
C000820,P003844,2024-05-22,2024-06-09,2024-07-13,Closed,15186.05,0.0
C000821,P003846,2024-11-07,2024-11-19,2025-01-28,Closed,27613.87,0.0
C000822,P003847,2024-10-21,2024-11-14,2025-02-14,Closed,65864.45,0.0
C000823,P003864,2024-12-11,2024-12-11,2025-03-26,Closed,29632.52,0.0
C000824,P003871,2023-04-12,2023-04-29,2023-10-31,Closed,30852.28,0.0
C000825,P003872,2023-08-26,2023-09-04,2024-04-14,Closed,13341.51,0.0
C000826,P003875,2024-04-24,2024-06-05,2024-10-01,Closed,9847.9,0.0
C000827,P003882,2024-01-19,2024-01-22,2024-03-14,Closed,43019.49,0.0
C000828,P003904,2023-09-15,2023-10-04,2023-11-24,Closed,25049.38,0.0
C000829,P003905,2025-03-11,2025-03-28,2025-06-07,Closed,19539.38,0.0
C000830,P003912,2025-05-08,2025-05-10,2025-07-13,Closed,30133.08,0.0
C000831,P003914,2024-05-04,2024-05-11,2024-09-07,Closed,3309.53,0.0
C000832,P003916,2023-12-05,2023-12-20,2024-02-11,Closed,36192.57,0.0
C000833,P003922,2025-02-19,2025-02-24,2025-10-08,Closed,11583.31,0.0
C000834,P003925,2024-05-28,2024-06-02,2024-11-17,Closed,34371.57,0.0
C000835,P003926,2024-06-01,2024-06-22,2024-12-28,Closed,71603.66,0.0
C000836,P003929,2024-12-04,2025-01-09,2025-03-19,Closed,16273.76,0.0
C000837,P003932,2023-07-07,2023-07-27,2023-09-18,Closed,6385.99,0.0
C000838,P003936,2024-09-15,2024-09-17,2024-11-23,Closed,20326.87,0.0
C000839,P003937,2024-01-25,2024-01-25,2024-05-13,Closed,59993.49,0.0
C000840,P003941,2024-04-27,2024-04-30,2024-08-11,Closed,45398.61,0.0
C000841,P003943,2025-10-27,2025-11-13,,Open,3013.0,14190.2
C000842,P003952,2024-01-18,2024-02-05,2024-09-27,Closed,27534.44,0.0
C000843,P003957,2024-04-18,2024-04-25,2024-08-16,Closed,21330.5,0.0
C000844,P003958,2024-07-09,2024-07-12,2024-08-21,Closed,101596.63,0.0
C000845,P003975,2023-12-12,2023-12-19,2024-03-14,Closed,15347.83,0.0
C000846,P003978,2025-05-07,2025-05-08,,Open,34346.59,31401.23
C000847,P003980,2023-09-10,2023-09-23,2023-11-04,Closed,34004.86,0.0
C000848,P003982,2023-09-27,2023-10-08,2024-02-07,Closed,26892.2,0.0
C000849,P003983,2024-07-26,2024-07-29,2024-10-03,Closed,17647.53,0.0
C000850,P003985,2025-06-10,2025-06-30,,Open,69928.91,87590.6
C000851,P003989,2024-02-22,2024-03-03,2024-07-10,Closed,16594.67,0.0
C000852,P003990,2024-08-26,2024-08-30,2024-11-05,Closed,27067.19,0.0
C000853,P003995,2024-07-15,2024-07-28,2024-10-14,Closed,89507.94,0.0
C000854,P003996,2023-10-26,2023-12-06,2024-01-01,Closed,37527.37,0.0
C000855,P003998,2025-04-24,2025-04-25,2025-08-24,Closed,30584.7,0.0
C000856,P004000,2024-02-11,2024-03-25,2024-07-26,Closed,37368.01,0.0
C000857,P004002,2025-05-25,2025-06-04,2025-07-15,Closed,44828.01,0.0
C000858,P004005,2024-12-22,2025-01-06,2025-06-02,Closed,92674.46,0.0
C000859,P004020,2025-01-15,2025-01-31,2025-09-21,Closed,28336.93,0.0
C000860,P004024,2023-10-24,2023-10-29,2023-12-16,Closed,181777.76,0.0
C000861,P004031,2024-06-27,2024-07-04,2024-11-26,Closed,7745.45,0.0
C000862,P004034,2023-11-12,2023-12-08,2024-05-03,Closed,75161.11,0.0
C000863,P004037,2024-08-14,2024-09-12,2025-01-03,Closed,31129.42,0.0
C000864,P004042,2024-08-23,2024-08-31,2024-12-27,Closed,21988.71,0.0
C000865,P004043,2024-07-27,2024-09-02,2024-11-17,Closed,37879.2,0.0
C000866,P004044,2023-08-12,2023-08-21,2023-09-15,Closed,15652.45,0.0
C000867,P004045,2023-12-12,2023-12-31,2024-05-06,Closed,30619.85,0.0
C000868,P004053,2025-01-17,2025-01-22,2025-07-08,Closed,47902.87,0.0
C000869,P004054,2024-09-16,2024-10-04,2024-11-29,Closed,15388.65,0.0
C000870,P004058,2024-01-26,2024-02-03,2024-04-10,Closed,13094.32,0.0
C000871,P004067,2025-02-22,2025-04-12,2025-06-13,Closed,12123.37,0.0
C000872,P004068,2024-02-20,2024-03-05,2024-07-15,Closed,26504.22,0.0
C000873,P004072,2025-06-10,2025-07-14,2025-11-13,Closed,75607.17,0.0
C000874,P004073,2024-12-05,2024-12-17,2025-02-13,Closed,33079.84,0.0
C000875,P004084,2024-12-20,2024-12-30,2025-04-10,Closed,30010.65,0.0
C000876,P004087,2023-10-10,2023-10-21,2024-02-01,Closed,43344.54,0.0
C000877,P004089,2025-11-07,2025-12-17,,Open,3490.3,8666.76
C000878,P004097,2024-11-09,2024-11-15,2025-02-05,Closed,12257.7,0.0
C000879,P004099,2024-10-03,2024-11-20,2025-06-02,Closed,48101.36,0.0
C000880,P004110,2023-11-24,2023-12-15,2024-04-22,Closed,67749.15,0.0
C000881,P004112,2024-02-23,2024-04-01,2024-10-10,Closed,219388.51,0.0
C000882,P004127,2023-03-30,2023-04-02,2023-08-07,Closed,11620.23,0.0
C000883,P004128,2023-06-03,2023-06-21,2023-11-02,Closed,27086.59,0.0
C000884,P004141,2025-04-20,2025-05-17,2025-06-22,Closed,16002.07,0.0
C000885,P004149,2025-03-07,2025-04-03,2025-08-02,Closed,46747.41,0.0
C000886,P004152,2024-06-10,2024-06-28,2024-10-05,Closed,9603.22,0.0
C000887,P004153,2025-01-04,2025-01-11,2025-08-02,Closed,314001.26,0.0
C000888,P004158,2023-10-15,2023-10-22,2024-04-26,Closed,18289.02,0.0
C000889,P004160,2023-08-13,2023-08-19,2024-03-21,Closed,20186.86,0.0
C000890,P004167,2024-09-03,2024-09-16,2024-11-23,Closed,26489.55,0.0
C000891,P004170,2024-11-26,2024-12-07,2025-03-21,Closed,67359.03,0.0
C000892,P004172,2024-03-07,2024-03-14,2024-10-27,Closed,19908.57,0.0
C000893,P004173,2024-04-09,2024-04-18,2024-06-24,Closed,62336.52,0.0
C000894,P004186,2025-02-01,2025-02-11,2025-09-03,Closed,14915.6,0.0
C000895,P004192,2024-07-04,2024-07-05,2025-01-12,Closed,42520.36,0.0
C000896,P004195,2025-01-02,2025-01-10,2025-04-22,Closed,14735.19,0.0
C000897,P004199,2025-07-27,2025-08-02,,Open,8835.77,8169.41
C000898,P004202,2025-03-09,2025-03-12,2025-09-24,Closed,14467.78,0.0
C000899,P004205,2023-08-30,2023-09-02,2023-10-17,Closed,14630.46,0.0
C000900,P004210,2024-05-15,2024-05-23,2025-01-15,Closed,20197.5,0.0
C000901,P004213,2023-12-18,2023-12-31,2024-04-11,Closed,86632.64,0.0
C000902,P004217,2024-06-16,2024-06-30,2024-11-09,Closed,42762.08,0.0
C000903,P004224,2024-08-26,2024-09-11,2025-01-22,Closed,26213.9,0.0
C000904,P004228,2024-05-05,2024-05-19,2024-10-17,Closed,20958.43,0.0
C000905,P004232,2025-08-09,2025-08-16,,Open,7736.16,15174.07
C000906,P004234,2024-01-29,2024-02-01,2024-06-11,Closed,97577.91,0.0
C000907,P004235,2024-02-10,2024-02-14,2024-05-22,Closed,48464.18,0.0
C000908,P004239,2025-06-07,2025-06-16,2025-08-12,Closed,55903.53,0.0
C000909,P004242,2024-02-17,2024-02-28,2024-05-17,Closed,19314.93,0.0
C000910,P004244,2023-01-25,2023-02-13,2023-08-20,Closed,26984.73,0.0
C000911,P004245,2024-06-21,2024-07-18,2025-02-15,Closed,55852.79,0.0
C000912,P004247,2024-06-02,2024-06-09,2024-09-02,Closed,114947.5,0.0
C000913,P004250,2023-11-03,2023-11-15,2024-05-01,Closed,17800.69,0.0
C000914,P004254,2024-03-19,2024-04-04,2024-06-18,Closed,30076.3,0.0
C000915,P004257,2024-02-14,2024-02-24,2024-03-25,Closed,11288.0,0.0
C000916,P004258,2023-05-01,2023-05-05,2023-06-14,Closed,93169.73,0.0
C000917,P004260,2023-04-29,2023-05-04,2023-11-18,Closed,17293.64,0.0
C000918,P004261,2024-04-21,2024-05-11,2024-06-11,Closed,22679.15,0.0
C000919,P004266,2025-05-15,2025-05-22,2025-10-29,Closed,50256.28,0.0
C000920,P004270,2024-07-17,2024-07-25,2024-11-27,Closed,23547.17,0.0
C000921,P004271,2025-05-16,2025-05-16,2025-12-07,Closed,13015.6,0.0
C000922,P004274,2024-01-28,2024-02-21,2024-06-17,Closed,58079.41,0.0
C000923,P004276,2025-06-08,2025-06-25,2025-11-15,Closed,15956.45,0.0
C000924,P004295,2025-05-08,2025-05-10,2025-09-10,Closed,19073.5,0.0
C000925,P004300,2024-03-03,2024-03-18,2024-07-29,Closed,4812.37,0.0
C000926,P004302,2024-06-16,2024-07-02,2024-10-16,Closed,137829.05,0.0
C000927,P004303,2024-02-26,2024-03-30,2024-08-21,Closed,23457.62,0.0
C000928,P004306,2024-08-26,2024-08-31,2024-11-30,Closed,27958.19,0.0
C000929,P004308,2025-05-29,2025-06-12,2025-12-10,Closed,6374.25,0.0
C000930,P004311,2024-09-12,2024-09-18,2025-01-12,Closed,13264.49,0.0
C000931,P004322,2024-06-15,2024-06-21,2024-12-11,Closed,17309.62,0.0
C000932,P004330,2025-08-20,2025-09-18,2025-11-25,Closed,29760.23,0.0
C000933,P004332,2024-03-06,2024-03-27,2024-06-21,Closed,14456.21,0.0
C000934,P004333,2025-05-31,2025-06-02,2025-07-13,Closed,43047.23,0.0
C000935,P004335,2025-08-02,2025-08-04,2025-12-17,Closed,21187.88,0.0
C000936,P004339,2025-04-26,2025-05-11,2025-09-19,Closed,17058.83,0.0
C000937,P004358,2023-09-29,2023-10-08,2023-12-25,Closed,13319.19,0.0
C000938,P004360,2025-10-12,2025-10-16,,Open,4870.27,38794.93
C000939,P004366,2025-04-05,2025-04-21,2025-06-16,Closed,39913.17,0.0
C000940,P004376,2024-03-13,2024-03-27,2024-10-04,Closed,31055.3,0.0
C000941,P004389,2024-08-03,2024-08-13,2025-02-17,Closed,17954.27,0.0
C000942,P004415,2024-10-01,2024-10-12,2025-01-26,Closed,94203.92,0.0
C000943,P004419,2025-04-25,2025-04-29,2025-08-02,Closed,22632.75,0.0
C000944,P004420,2023-12-24,2024-01-07,2024-02-11,Closed,11751.72,0.0
C000945,P004422,2025-05-05,2025-06-11,2025-11-29,Closed,30991.34,0.0
C000946,P004425,2023-12-23,2023-12-26,2024-02-27,Closed,28719.35,0.0
C000947,P004426,2025-01-06,2025-01-26,2025-07-24,Closed,38375.27,0.0
C000948,P004434,2023-08-21,2023-08-24,2023-10-03,Closed,22223.68,0.0
C000949,P004437,2024-05-05,2024-05-22,2024-07-16,Closed,53006.27,0.0
C000950,P004440,2024-05-16,2024-05-25,2024-07-11,Closed,57266.19,0.0
C000951,P004444,2024-08-27,2024-09-14,2024-11-14,Closed,3967.5,0.0
C000952,P004450,2025-10-12,2025-10-15,,Open,17958.89,28534.11
C000953,P004456,2023-09-07,2023-09-18,2023-12-26,Closed,7335.89,0.0
C000954,P004457,2025-03-02,2025-03-21,2025-08-24,Closed,135438.65,0.0
C000955,P004460,2024-07-07,2024-07-19,2024-09-10,Closed,81346.54,0.0
C000956,P004470,2024-12-19,2025-01-04,2025-03-13,Closed,6996.39,0.0
C000957,P004473,2024-10-03,2024-10-10,2025-07-12,Closed,105290.31,0.0
C000958,P004478,2024-07-10,2024-07-27,2024-11-05,Closed,28481.84,0.0
C000959,P004479,2025-07-05,2025-08-03,2025-11-30,Closed,28014.73,0.0
C000960,P004481,2024-05-26,2024-06-02,2024-10-20,Closed,3677.51,0.0
C000961,P004487,2024-02-27,2024-03-14,2024-11-25,Closed,23878.56,0.0
C000962,P004493,2025-04-04,2025-04-09,2025-04-25,Closed,19192.8,0.0
C000963,P004494,2023-11-27,2023-12-28,2024-07-13,Closed,25126.35,0.0
C000964,P004498,2024-06-04,2024-06-06,2025-01-13,Closed,19356.85,0.0
C000965,P004504,2024-09-03,2024-09-17,2025-02-12,Closed,12786.54,0.0
C000966,P004515,2025-10-03,2025-10-13,,Open,12015.9,5701.79
C000967,P004521,2025-03-26,2025-04-02,2025-08-08,Closed,18260.35,0.0
C000968,P004528,2024-03-06,2024-03-12,2024-05-02,Closed,25594.43,0.0
C000969,P004532,2023-12-20,2023-12-30,2024-01-25,Closed,11428.64,0.0
C000970,P004534,2024-10-30,2024-11-27,2025-03-27,Closed,33590.13,0.0
C000971,P004538,2024-10-24,2024-11-05,2024-11-15,Closed,80029.41,0.0
C000972,P004544,2025-03-15,2025-03-16,2025-05-31,Closed,15930.34,0.0
C000973,P004545,2024-06-25,2024-06-27,2024-08-22,Closed,25616.13,0.0
C000974,P004547,2024-11-14,2024-11-26,2025-02-24,Closed,18896.88,0.0
C000975,P004561,2024-08-02,2024-08-24,2024-11-26,Closed,31200.94,0.0
C000976,P004562,2024-01-28,2024-02-01,2024-03-18,Closed,80854.45,0.0
C000977,P004564,2023-07-05,2023-07-17,2023-12-07,Closed,17972.14,0.0
C000978,P004567,2024-05-30,2024-06-21,2025-01-20,Closed,11410.57,0.0
C000979,P004574,2025-03-06,2025-03-19,2025-05-09,Closed,18549.3,0.0
C000980,P004578,2024-01-30,2024-02-10,2024-03-29,Closed,15287.05,0.0
C000981,P004590,2023-11-25,2023-12-03,2024-03-15,Closed,46385.37,0.0
C000982,P004595,2024-06-15,2024-06-24,2024-07-21,Closed,12559.16,0.0
C000983,P004601,2025-05-12,2025-05-29,2025-09-11,Closed,13487.38,0.0
C000984,P004606,2024-03-04,2024-03-22,2024-10-06,Closed,41946.07,0.0
C000985,P004610,2024-04-21,2024-05-09,2024-06-26,Closed,152856.08,0.0
C000986,P004613,2025-02-14,2025-02-19,2025-10-24,Closed,9462.83,0.0
C000987,P004615,2024-05-22,2024-05-22,2024-08-12,Closed,27685.26,0.0
C000988,P004618,2024-03-23,2024-03-30,2024-06-27,Closed,96350.05,0.0
C000989,P004620,2024-11-23,2024-12-13,2025-02-23,Closed,17374.77,0.0
C000990,P004623,2025-01-24,2025-02-26,2025-08-12,Closed,18559.95,0.0
C000991,P004624,2023-05-02,2023-05-06,2023-08-27,Closed,24064.46,0.0
C000992,P004626,2024-07-25,2024-08-10,2024-11-03,Closed,33564.1,0.0
C000993,P004629,2024-09-08,2024-09-14,2024-11-16,Closed,15384.24,0.0
C000994,P004631,2023-04-27,2023-05-24,2023-09-26,Closed,18108.15,0.0
C000995,P004634,2023-12-20,2024-01-09,2024-08-18,Closed,13044.66,0.0
C000996,P004638,2024-08-12,2024-08-25,2024-11-22,Closed,18079.14,0.0
C000997,P004640,2025-07-05,2025-07-19,2025-11-08,Closed,24389.34,0.0
C000998,P004641,2024-11-03,2024-11-28,2025-01-03,Closed,30090.63,0.0
C000999,P004642,2023-09-29,2023-09-30,2024-01-19,Closed,189503.46,0.0
C001000,P004644,2023-12-29,2024-01-07,2024-12-23,Closed,21252.14,0.0
C001001,P004645,2023-08-28,2023-08-31,2023-10-15,Closed,24548.88,0.0
C001002,P004656,2023-10-14,2023-10-27,2024-03-06,Closed,19652.22,0.0
C001003,P004667,2024-02-04,2024-02-15,2024-04-30,Closed,30231.09,0.0
C001004,P004668,2024-02-02,2024-02-15,2024-03-20,Closed,57652.37,0.0
C001005,P004673,2023-07-25,2023-07-28,2023-10-17,Closed,58116.4,0.0
C001006,P004676,2024-06-17,2024-07-09,2025-05-11,Closed,75508.1,0.0
C001007,P004678,2024-05-27,2024-06-14,2024-10-22,Closed,24414.38,0.0
C001008,P004684,2024-01-06,2024-01-13,2024-05-13,Closed,78339.4,0.0
C001009,P004692,2023-04-10,2023-04-29,2023-06-16,Closed,17575.64,0.0
C001010,P004695,2024-12-05,2024-12-05,2025-06-12,Closed,37694.54,0.0
C001011,P004697,2023-07-21,2023-07-24,2024-03-10,Closed,17676.46,0.0
C001012,P004700,2023-07-14,2023-07-24,2024-03-05,Closed,26150.91,0.0
C001013,P004702,2023-06-30,2023-07-08,2024-01-05,Closed,49514.55,0.0
C001014,P004703,2024-02-15,2024-03-12,2024-05-10,Closed,101275.3,0.0
C001015,P004705,2025-04-29,2025-05-16,2025-07-05,Closed,52760.83,0.0
C001016,P004716,2024-07-13,2024-08-12,2024-09-05,Closed,32914.83,0.0
C001017,P004718,2025-07-30,2025-08-01,2025-09-24,Closed,35935.83,0.0
C001018,P004721,2024-08-30,2024-09-07,2025-01-12,Closed,189593.91,0.0
C001019,P004736,2024-05-13,2024-05-16,2024-07-08,Closed,11198.56,0.0
C001020,P004745,2024-12-30,2025-01-12,2025-07-25,Closed,34826.91,0.0
C001021,P004754,2025-02-28,2025-03-02,2025-09-29,Closed,33996.69,0.0
C001022,P004758,2023-05-25,2023-06-06,2023-12-27,Closed,29938.69,0.0
C001023,P004759,2023-12-06,2023-12-11,2024-01-09,Closed,22223.33,0.0
C001024,P004765,2024-05-30,2024-06-18,2024-10-18,Closed,70736.25,0.0
C001025,P004770,2023-04-12,2023-04-22,2023-08-13,Closed,96498.57,0.0
C001026,P004771,2024-01-16,2024-01-18,2024-08-06,Closed,7669.83,0.0
C001027,P004773,2023-12-16,2024-01-06,2024-02-10,Closed,40322.12,0.0
C001028,P004778,2025-02-02,2025-02-23,2025-06-15,Closed,44376.76,0.0
C001029,P004786,2023-11-20,2023-12-08,2024-01-11,Closed,116246.03,0.0
C001030,P004788,2023-09-06,2023-09-12,2024-03-14,Closed,27053.71,0.0
C001031,P004789,2024-07-20,2024-08-04,2024-08-19,Closed,171062.23,0.0
C001032,P004790,2024-07-19,2024-08-11,2025-06-09,Closed,18629.35,0.0
C001033,P004792,2025-02-05,2025-02-14,2025-07-09,Closed,18856.75,0.0
C001034,P004795,2024-04-17,2024-04-26,2024-08-07,Closed,12209.37,0.0
C001035,P004797,2024-08-15,2024-08-26,2024-11-03,Closed,65405.15,0.0
C001036,P004798,2023-08-23,2023-09-10,2024-04-03,Closed,71950.87,0.0
C001037,P004801,2024-10-26,2024-11-07,2024-12-13,Closed,46956.95,0.0
C001038,P004812,2024-04-04,2024-04-20,2024-05-05,Closed,71407.45,0.0
C001039,P004814,2024-09-07,2024-09-15,2025-02-02,Closed,46910.58,0.0
C001040,P004815,2025-04-14,2025-04-22,2025-07-29,Closed,34490.75,0.0
C001041,P004818,2023-10-21,2023-11-07,2024-03-13,Closed,20082.94,0.0
C001042,P004825,2024-04-15,2024-04-21,2024-08-15,Closed,6501.42,0.0
C001043,P004828,2024-08-17,2024-08-21,2025-01-20,Closed,44139.63,0.0
C001044,P004829,2025-02-03,2025-02-08,2025-05-22,Closed,5790.21,0.0
C001045,P004835,2025-12-11,2025-12-19,,Open,4031.04,20019.97
C001046,P004846,2025-03-16,2025-03-26,2025-07-09,Closed,34440.3,0.0
C001047,P004857,2025-02-06,2025-02-13,2025-07-30,Closed,100832.14,0.0
C001048,P004858,2025-01-13,2025-01-20,2025-07-13,Closed,18417.5,0.0
C001049,P004862,2025-08-20,2025-09-02,,Open,33158.11,19895.4
C001050,P004863,2024-10-16,2024-10-21,2024-11-09,Closed,62582.59,0.0
C001051,P004864,2024-12-28,2025-01-15,2025-05-17,Closed,6079.45,0.0
C001052,P004867,2024-05-12,2024-05-16,2024-06-16,Closed,34036.37,0.0
C001053,P004875,2024-02-19,2024-02-29,2024-08-26,Closed,79906.16,0.0
C001054,P004880,2024-10-25,2024-11-03,2025-04-17,Closed,38938.05,0.0
C001055,P004882,2025-04-26,2025-05-22,2025-07-18,Closed,43229.63,0.0
C001056,P004883,2024-10-04,2024-10-13,2025-03-11,Closed,13989.91,0.0
C001057,P004886,2024-04-17,2024-05-07,2024-08-25,Closed,34851.54,0.0
C001058,P004887,2024-07-10,2024-07-27,2024-09-29,Closed,17050.32,0.0
C001059,P004898,2024-10-11,2024-10-17,2025-03-13,Closed,4205.36,0.0
C001060,P004900,2024-12-12,2025-01-05,2025-09-03,Closed,61635.39,0.0
C001061,P004903,2024-05-28,2024-06-03,2024-08-21,Closed,8171.31,0.0
C001062,P004907,2024-03-25,2024-04-02,2024-08-11,Closed,5478.9,0.0
C001063,P004908,2025-07-22,2025-08-05,2025-09-28,Closed,55687.53,0.0
C001064,P004909,2025-06-08,2025-06-15,2025-08-22,Closed,58683.36,0.0
C001065,P004913,2023-03-30,2023-04-01,2023-07-16,Closed,94790.6,0.0
C001066,P004915,2025-07-17,2025-07-25,2025-09-25,Closed,65797.84,0.0
C001067,P004922,2025-02-06,2025-02-14,2025-04-15,Closed,13805.38,0.0
C001068,P004923,2024-08-01,2024-08-05,2024-09-22,Closed,40898.92,0.0
C001069,P004927,2024-02-02,2024-02-12,2024-09-09,Closed,16002.72,0.0
C001070,P004928,2024-11-18,2024-11-28,2025-05-16,Closed,158714.88,0.0
C001071,P004931,2023-02-25,2023-03-10,2023-06-22,Closed,21896.35,0.0
C001072,P004932,2025-03-05,2025-03-08,2025-08-31,Closed,20058.17,0.0
C001073,P004936,2024-03-29,2024-04-02,2024-10-03,Closed,11342.99,0.0
C001074,P004938,2025-01-09,2025-01-27,2025-05-01,Closed,52346.24,0.0
C001075,P004941,2024-10-10,2024-10-14,2024-12-05,Closed,7518.35,0.0
C001076,P004946,2024-12-18,2024-12-30,2025-05-11,Closed,37471.91,0.0
C001077,P004950,2023-12-18,2023-12-26,2024-07-25,Closed,24160.14,0.0
C001078,P004955,2023-11-10,2023-11-15,2024-04-23,Closed,27526.02,0.0
C001079,P004957,2023-05-06,2023-05-31,2024-01-21,Closed,28436.92,0.0
C001080,P004960,2025-11-12,2025-11-22,,Open,43742.49,54183.03
C001081,P004962,2024-02-22,2024-02-28,2025-01-15,Closed,29570.64,0.0
C001082,P004971,2024-10-06,2024-10-08,2025-02-22,Closed,11235.25,0.0
C001083,P004972,2024-04-11,2024-04-27,2024-07-24,Closed,28463.22,0.0
C001084,P004988,2025-10-22,2025-10-26,,Open,5349.89,24834.63
C001085,P004989,2024-12-11,2025-01-04,2025-08-09,Closed,32129.85,0.0
C001086,P004994,2024-05-11,2024-05-20,2024-09-19,Closed,37276.5,0.0
C001087,P004995,2024-11-01,2024-12-19,2025-06-22,Closed,19544.02,0.0
